match_id,competition,season_start_year,matchday,utc_date,status,home_team,away_team,home_team_short,away_team_short,home_goals,away_goals,home_ht_goals,away_ht_goals,winner
542414,FL1,2025,1,2025-08-15T18:45:00Z,FINISHED,Stade Rennais FC 1901,Olympique de Marseille,Stade Rennais,Marseille,1,0,0.0,0.0,HOME_TEAM
542411,FL1,2025,1,2025-08-16T15:00:00Z,FINISHED,Racing Club de Lens,Olympique Lyonnais,RC Lens,Olympique Lyon,0,1,0.0,1.0,AWAY_TEAM
542407,FL1,2025,1,2025-08-16T17:00:00Z,FINISHED,AS Monaco FC,Le Havre AC,Monaco,Le Havre,3,1,1.0,0.0,HOME_TEAM
542410,FL1,2025,1,2025-08-16T19:05:00Z,FINISHED,OGC Nice,Toulouse FC,Nice,Toulouse,0,1,0.0,0.0,AWAY_TEAM
542413,FL1,2025,1,2025-08-17T13:00:00Z,FINISHED,Stade Brestois 29,Lille OSC,Brest,Lille,3,3,1.0,2.0,DRAW
542406,FL1,2025,1,2025-08-17T15:15:00Z,FINISHED,AJ Auxerre,FC Lorient,Auxerre,Lorient,1,0,0.0,0.0,HOME_TEAM
542408,FL1,2025,1,2025-08-17T15:15:00Z,FINISHED,FC Metz,RC Strasbourg Alsace,FC Metz,Strasbourg,0,1,0.0,0.0,AWAY_TEAM
542412,FL1,2025,1,2025-08-17T15:15:00Z,FINISHED,Angers SCO,Paris FC,Angers SCO,Paris FC,1,0,1.0,0.0,HOME_TEAM
542409,FL1,2025,1,2025-08-17T18:45:00Z,FINISHED,FC Nantes,Paris Saint-Germain FC,Nantes,PSG,0,1,0.0,0.0,AWAY_TEAM
542422,FL1,2025,2,2025-08-22T18:45:00Z,FINISHED,Paris Saint-Germain FC,Angers SCO,PSG,Angers SCO,1,0,0.0,0.0,HOME_TEAM
542420,FL1,2025,2,2025-08-23T15:00:00Z,FINISHED,Olympique de Marseille,Paris FC,Marseille,Paris FC,5,2,2.0,1.0,HOME_TEAM
542418,FL1,2025,2,2025-08-23T17:00:00Z,FINISHED,OGC Nice,AJ Auxerre,Nice,Auxerre,3,1,2.0,1.0,HOME_TEAM
542419,FL1,2025,2,2025-08-23T19:05:00Z,FINISHED,Olympique Lyonnais,FC Metz,Olympique Lyon,FC Metz,3,0,2.0,0.0,HOME_TEAM
542416,FL1,2025,2,2025-08-24T13:00:00Z,FINISHED,FC Lorient,Stade Rennais FC 1901,Lorient,Stade Rennais,4,0,1.0,0.0,HOME_TEAM
542415,FL1,2025,2,2025-08-24T15:15:00Z,FINISHED,Le Havre AC,Racing Club de Lens,Le Havre,RC Lens,1,2,1.0,2.0,AWAY_TEAM
542417,FL1,2025,2,2025-08-24T15:15:00Z,FINISHED,Toulouse FC,Stade Brestois 29,Toulouse,Brest,2,0,0.0,0.0,HOME_TEAM
542423,FL1,2025,2,2025-08-24T15:15:00Z,FINISHED,RC Strasbourg Alsace,FC Nantes,Strasbourg,Nantes,1,0,0.0,0.0,HOME_TEAM
542421,FL1,2025,2,2025-08-24T18:45:00Z,FINISHED,Lille OSC,AS Monaco FC,Lille,Monaco,1,0,0.0,0.0,HOME_TEAM
542431,FL1,2025,3,2025-08-29T18:45:00Z,FINISHED,Racing Club de Lens,Stade Brestois 29,RC Lens,Brest,3,1,0.0,1.0,HOME_TEAM
542426,FL1,2025,3,2025-08-30T15:00:00Z,FINISHED,FC Lorient,Lille OSC,Lorient,Lille,1,7,0.0,0.0,AWAY_TEAM
542427,FL1,2025,3,2025-08-30T17:00:00Z,FINISHED,FC Nantes,AJ Auxerre,Nantes,Auxerre,1,0,1.0,0.0,HOME_TEAM
542429,FL1,2025,3,2025-08-30T19:05:00Z,FINISHED,Toulouse FC,Paris Saint-Germain FC,Toulouse,PSG,3,6,1.0,4.0,AWAY_TEAM
542432,FL1,2025,3,2025-08-31T13:00:00Z,FINISHED,Angers SCO,Stade Rennais FC 1901,Angers SCO,Stade Rennais,1,1,0.0,1.0,DRAW
542424,FL1,2025,3,2025-08-31T15:15:00Z,FINISHED,Le Havre AC,OGC Nice,Le Havre,Nice,3,1,1.0,0.0,HOME_TEAM
542425,FL1,2025,3,2025-08-31T15:15:00Z,FINISHED,AS Monaco FC,RC Strasbourg Alsace,Monaco,Strasbourg,3,2,1.0,0.0,HOME_TEAM
542428,FL1,2025,3,2025-08-31T15:15:00Z,FINISHED,Paris FC,FC Metz,Paris FC,FC Metz,3,2,1.0,1.0,HOME_TEAM
542430,FL1,2025,3,2025-08-31T18:45:00Z,FINISHED,Olympique Lyonnais,Olympique de Marseille,Olympique Lyon,Marseille,1,0,0.0,0.0,HOME_TEAM
542436,FL1,2025,4,2025-09-12T18:45:00Z,FINISHED,Olympique de Marseille,FC Lorient,Marseille,Lorient,4,0,3.0,0.0,HOME_TEAM
542435,FL1,2025,4,2025-09-13T15:00:00Z,FINISHED,OGC Nice,FC Nantes,Nice,Nantes,1,0,0.0,0.0,HOME_TEAM
542433,FL1,2025,4,2025-09-13T19:05:00Z,FINISHED,AJ Auxerre,AS Monaco FC,Auxerre,Monaco,1,2,0.0,1.0,AWAY_TEAM
542437,FL1,2025,4,2025-09-14T13:00:00Z,FINISHED,Lille OSC,Toulouse FC,Lille,Toulouse,2,1,0.0,0.0,HOME_TEAM
542434,FL1,2025,4,2025-09-14T15:15:00Z,FINISHED,FC Metz,Angers SCO,FC Metz,Angers SCO,1,1,1.0,0.0,DRAW
542438,FL1,2025,4,2025-09-14T15:15:00Z,FINISHED,Paris Saint-Germain FC,Racing Club de Lens,PSG,RC Lens,2,0,1.0,0.0,HOME_TEAM
542439,FL1,2025,4,2025-09-14T15:15:00Z,FINISHED,RC Strasbourg Alsace,Le Havre AC,Strasbourg,Le Havre,1,0,0.0,0.0,HOME_TEAM
542440,FL1,2025,4,2025-09-14T15:15:00Z,FINISHED,Stade Brestois 29,Paris FC,Brest,Paris FC,1,2,0.0,2.0,AWAY_TEAM
542441,FL1,2025,4,2025-09-14T18:45:00Z,FINISHED,Stade Rennais FC 1901,Olympique Lyonnais,Stade Rennais,Olympique Lyon,3,1,0.0,1.0,HOME_TEAM
542448,FL1,2025,5,2025-09-19T18:45:00Z,FINISHED,Olympique Lyonnais,Angers SCO,Olympique Lyon,Angers SCO,1,0,0.0,0.0,HOME_TEAM
542445,FL1,2025,5,2025-09-20T15:00:00Z,FINISHED,FC Nantes,Stade Rennais FC 1901,Nantes,Stade Rennais,2,2,0.0,2.0,DRAW
542450,FL1,2025,5,2025-09-20T17:00:00Z,FINISHED,Stade Brestois 29,OGC Nice,Brest,Nice,4,1,2.0,1.0,HOME_TEAM
542449,FL1,2025,5,2025-09-20T19:05:00Z,FINISHED,Racing Club de Lens,Lille OSC,RC Lens,Lille,3,0,2.0,0.0,HOME_TEAM
542446,FL1,2025,5,2025-09-21T13:00:00Z,FINISHED,Paris FC,RC Strasbourg Alsace,Paris FC,Strasbourg,2,3,0.0,1.0,AWAY_TEAM
542442,FL1,2025,5,2025-09-21T15:15:00Z,FINISHED,Le Havre AC,FC Lorient,Le Havre,Lorient,1,1,0.0,1.0,DRAW
542443,FL1,2025,5,2025-09-21T15:15:00Z,FINISHED,AJ Auxerre,Toulouse FC,Auxerre,Toulouse,1,0,1.0,0.0,HOME_TEAM
542444,FL1,2025,5,2025-09-21T15:15:00Z,FINISHED,AS Monaco FC,FC Metz,Monaco,FC Metz,5,2,1.0,1.0,HOME_TEAM
542447,FL1,2025,5,2025-09-22T18:00:00Z,FINISHED,Olympique de Marseille,Paris Saint-Germain FC,Marseille,PSG,1,0,1.0,0.0,HOME_TEAM
542457,FL1,2025,6,2025-09-26T18:45:00Z,FINISHED,RC Strasbourg Alsace,Olympique de Marseille,Strasbourg,Marseille,1,2,0.0,0.0,AWAY_TEAM
542451,FL1,2025,6,2025-09-27T15:00:00Z,FINISHED,FC Lorient,AS Monaco FC,Lorient,Monaco,3,1,1.0,0.0,HOME_TEAM
542453,FL1,2025,6,2025-09-27T17:00:00Z,FINISHED,Toulouse FC,FC Nantes,Toulouse,Nantes,2,2,0.0,1.0,DRAW
542456,FL1,2025,6,2025-09-27T19:05:00Z,FINISHED,Paris Saint-Germain FC,AJ Auxerre,PSG,Auxerre,2,0,1.0,0.0,HOME_TEAM
542454,FL1,2025,6,2025-09-28T13:00:00Z,FINISHED,OGC Nice,Paris FC,Nice,Paris FC,1,1,1.0,0.0,DRAW
542452,FL1,2025,6,2025-09-28T15:15:00Z,FINISHED,FC Metz,Le Havre AC,FC Metz,Le Havre,0,0,0.0,0.0,DRAW
542455,FL1,2025,6,2025-09-28T15:15:00Z,FINISHED,Lille OSC,Olympique Lyonnais,Lille,Olympique Lyon,0,1,0.0,1.0,AWAY_TEAM
542458,FL1,2025,6,2025-09-28T15:15:00Z,FINISHED,Angers SCO,Stade Brestois 29,Angers SCO,Brest,0,2,0.0,2.0,AWAY_TEAM
542459,FL1,2025,6,2025-09-28T18:45:00Z,FINISHED,Stade Rennais FC 1901,Racing Club de Lens,Stade Rennais,RC Lens,0,0,0.0,0.0,DRAW
542464,FL1,2025,7,2025-10-03T18:45:00Z,FINISHED,Paris FC,FC Lorient,Paris FC,Lorient,2,0,2.0,0.0,HOME_TEAM
542463,FL1,2025,7,2025-10-04T15:00:00Z,FINISHED,FC Metz,Olympique de Marseille,FC Metz,Marseille,0,3,0.0,0.0,AWAY_TEAM
542468,FL1,2025,7,2025-10-04T17:00:00Z,FINISHED,Stade Brestois 29,FC Nantes,Brest,Nantes,0,0,0.0,0.0,DRAW
542461,FL1,2025,7,2025-10-04T19:05:00Z,FINISHED,AJ Auxerre,Racing Club de Lens,Auxerre,RC Lens,1,2,0.0,1.0,AWAY_TEAM
542465,FL1,2025,7,2025-10-05T13:00:00Z,FINISHED,Olympique Lyonnais,Toulouse FC,Olympique Lyon,Toulouse,1,2,1.0,0.0,AWAY_TEAM
542467,FL1,2025,7,2025-10-05T15:15:00Z,FINISHED,RC Strasbourg Alsace,Angers SCO,Strasbourg,Angers SCO,5,0,1.0,0.0,HOME_TEAM
542460,FL1,2025,7,2025-10-05T15:15:00Z,FINISHED,Le Havre AC,Stade Rennais FC 1901,Le Havre,Stade Rennais,2,2,1.0,2.0,DRAW
542462,FL1,2025,7,2025-10-05T15:15:00Z,FINISHED,AS Monaco FC,OGC Nice,Monaco,Nice,2,2,1.0,2.0,DRAW
542466,FL1,2025,7,2025-10-05T18:45:00Z,FINISHED,Lille OSC,Paris Saint-Germain FC,Lille,PSG,1,1,0.0,0.0,DRAW
542474,FL1,2025,8,2025-10-17T18:45:00Z,FINISHED,Paris Saint-Germain FC,RC Strasbourg Alsace,PSG,Strasbourg,3,3,1.0,2.0,DRAW
542472,FL1,2025,8,2025-10-18T15:00:00Z,FINISHED,OGC Nice,Olympique Lyonnais,Nice,Olympique Lyon,3,2,2.0,1.0,HOME_TEAM
542476,FL1,2025,8,2025-10-18T17:00:00Z,FINISHED,Angers SCO,AS Monaco FC,Angers SCO,Monaco,1,1,0.0,0.0,DRAW
542473,FL1,2025,8,2025-10-18T19:05:00Z,FINISHED,Olympique de Marseille,Le Havre AC,Marseille,Le Havre,6,2,1.0,1.0,HOME_TEAM
542475,FL1,2025,8,2025-10-19T13:00:00Z,FINISHED,Racing Club de Lens,Paris FC,RC Lens,Paris FC,2,1,1.0,1.0,HOME_TEAM
542469,FL1,2025,8,2025-10-19T15:15:00Z,FINISHED,FC Lorient,Stade Brestois 29,Lorient,Brest,3,3,1.0,2.0,DRAW
542471,FL1,2025,8,2025-10-19T15:15:00Z,FINISHED,Toulouse FC,FC Metz,Toulouse,FC Metz,4,0,2.0,0.0,HOME_TEAM
542477,FL1,2025,8,2025-10-19T15:15:00Z,FINISHED,Stade Rennais FC 1901,AJ Auxerre,Stade Rennais,Auxerre,2,2,1.0,1.0,DRAW
542470,FL1,2025,8,2025-10-19T18:45:00Z,FINISHED,FC Nantes,Lille OSC,Nantes,Lille,0,2,0.0,1.0,AWAY_TEAM
542480,FL1,2025,9,2025-10-24T18:45:00Z,FINISHED,Paris FC,FC Nantes,Paris FC,Nantes,1,2,1.0,2.0,AWAY_TEAM
542485,FL1,2025,9,2025-10-25T15:00:00Z,FINISHED,Stade Brestois 29,Paris Saint-Germain FC,Brest,PSG,0,3,0.0,2.0,AWAY_TEAM
542479,FL1,2025,9,2025-10-25T17:00:00Z,FINISHED,AS Monaco FC,Toulouse FC,Monaco,Toulouse,1,0,1.0,0.0,HOME_TEAM
542483,FL1,2025,9,2025-10-25T19:05:00Z,FINISHED,Racing Club de Lens,Olympique de Marseille,RC Lens,Marseille,2,1,1.0,1.0,HOME_TEAM
542482,FL1,2025,9,2025-10-26T14:00:00Z,FINISHED,Lille OSC,FC Metz,Lille,FC Metz,6,1,2.0,0.0,HOME_TEAM
542478,FL1,2025,9,2025-10-26T16:15:00Z,FINISHED,AJ Auxerre,Le Havre AC,Auxerre,Le Havre,0,1,0.0,0.0,AWAY_TEAM
542484,FL1,2025,9,2025-10-26T16:15:00Z,FINISHED,Angers SCO,FC Lorient,Angers SCO,Lorient,2,0,1.0,0.0,HOME_TEAM
542486,FL1,2025,9,2025-10-26T16:15:00Z,FINISHED,Stade Rennais FC 1901,OGC Nice,Stade Rennais,Nice,1,2,0.0,2.0,AWAY_TEAM
542481,FL1,2025,9,2025-10-26T19:45:00Z,FINISHED,Olympique Lyonnais,RC Strasbourg Alsace,Olympique Lyon,Strasbourg,2,1,1.0,1.0,HOME_TEAM
542487,FL1,2025,10,2025-10-29T18:00:00Z,FINISHED,Le Havre AC,Stade Brestois 29,Le Havre,Brest,1,0,0.0,0.0,HOME_TEAM
542488,FL1,2025,10,2025-10-29T18:00:00Z,FINISHED,FC Lorient,Paris Saint-Germain FC,Lorient,PSG,1,1,0.0,0.0,DRAW
542489,FL1,2025,10,2025-10-29T18:00:00Z,FINISHED,FC Metz,Racing Club de Lens,FC Metz,RC Lens,2,0,0.0,0.0,HOME_TEAM
542493,FL1,2025,10,2025-10-29T18:00:00Z,FINISHED,OGC Nice,Lille OSC,Nice,Lille,2,0,1.0,0.0,HOME_TEAM
542490,FL1,2025,10,2025-10-29T20:05:00Z,FINISHED,FC Nantes,AS Monaco FC,Nantes,Monaco,3,5,2.0,2.0,AWAY_TEAM
542491,FL1,2025,10,2025-10-29T20:05:00Z,FINISHED,Paris FC,Olympique Lyonnais,Paris FC,Olympique Lyon,3,3,0.0,1.0,DRAW
542492,FL1,2025,10,2025-10-29T20:05:00Z,FINISHED,Toulouse FC,Stade Rennais FC 1901,Toulouse,Stade Rennais,2,2,0.0,0.0,DRAW
542494,FL1,2025,10,2025-10-29T20:05:00Z,FINISHED,Olympique de Marseille,Angers SCO,Marseille,Angers SCO,2,2,0.0,1.0,DRAW
542495,FL1,2025,10,2025-10-29T20:05:00Z,FINISHED,RC Strasbourg Alsace,AJ Auxerre,Strasbourg,Auxerre,3,0,0.0,0.0,HOME_TEAM
542501,FL1,2025,11,2025-11-01T16:00:00Z,FINISHED,Paris Saint-Germain FC,OGC Nice,PSG,Nice,1,0,0.0,0.0,HOME_TEAM
542497,FL1,2025,11,2025-11-01T18:00:00Z,FINISHED,AS Monaco FC,Paris FC,Monaco,Paris FC,0,1,0.0,0.0,AWAY_TEAM
542496,FL1,2025,11,2025-11-01T20:05:00Z,FINISHED,AJ Auxerre,Olympique de Marseille,Auxerre,Marseille,0,1,0.0,1.0,AWAY_TEAM
542504,FL1,2025,11,2025-11-02T14:00:00Z,FINISHED,Stade Rennais FC 1901,RC Strasbourg Alsace,Stade Rennais,Strasbourg,4,1,2.0,0.0,HOME_TEAM
542498,FL1,2025,11,2025-11-02T16:15:00Z,FINISHED,FC Nantes,FC Metz,Nantes,FC Metz,0,2,0.0,0.0,AWAY_TEAM
542499,FL1,2025,11,2025-11-02T16:15:00Z,FINISHED,Toulouse FC,Le Havre AC,Toulouse,Le Havre,0,0,0.0,0.0,DRAW
542500,FL1,2025,11,2025-11-02T16:15:00Z,FINISHED,Lille OSC,Angers SCO,Lille,Angers SCO,1,0,1.0,0.0,HOME_TEAM
542502,FL1,2025,11,2025-11-02T16:15:00Z,FINISHED,Racing Club de Lens,FC Lorient,RC Lens,Lorient,3,0,1.0,0.0,HOME_TEAM
542503,FL1,2025,11,2025-11-02T19:45:00Z,FINISHED,Stade Brestois 29,Olympique Lyonnais,Brest,Olympique Lyon,0,0,0.0,0.0,DRAW
542509,FL1,2025,12,2025-11-07T19:45:00Z,FINISHED,Paris FC,Stade Rennais FC 1901,Paris FC,Stade Rennais,0,1,0.0,0.0,AWAY_TEAM
542511,FL1,2025,12,2025-11-08T16:00:00Z,FINISHED,Olympique de Marseille,Stade Brestois 29,Marseille,Brest,3,0,2.0,0.0,HOME_TEAM
542505,FL1,2025,12,2025-11-08T18:00:00Z,FINISHED,Le Havre AC,FC Nantes,Le Havre,Nantes,1,1,0.0,1.0,DRAW
542506,FL1,2025,12,2025-11-08T20:05:00Z,FINISHED,AS Monaco FC,Racing Club de Lens,Monaco,RC Lens,1,4,1.0,3.0,AWAY_TEAM
542507,FL1,2025,12,2025-11-09T14:00:00Z,FINISHED,FC Lorient,Toulouse FC,Lorient,Toulouse,1,1,1.0,0.0,DRAW
542508,FL1,2025,12,2025-11-09T16:15:00Z,FINISHED,FC Metz,OGC Nice,FC Metz,Nice,2,1,0.0,1.0,HOME_TEAM
542512,FL1,2025,12,2025-11-09T16:15:00Z,FINISHED,RC Strasbourg Alsace,Lille OSC,Strasbourg,Lille,2,0,1.0,0.0,HOME_TEAM
542513,FL1,2025,12,2025-11-09T16:15:00Z,FINISHED,Angers SCO,AJ Auxerre,Angers SCO,Auxerre,2,0,0.0,0.0,HOME_TEAM
542510,FL1,2025,12,2025-11-09T19:45:00Z,FINISHED,Olympique Lyonnais,Paris Saint-Germain FC,Olympique Lyon,PSG,2,3,1.0,2.0,AWAY_TEAM
542517,FL1,2025,13,2025-11-21T19:45:00Z,FINISHED,OGC Nice,Olympique de Marseille,Nice,Marseille,1,5,0.0,2.0,AWAY_TEAM
542520,FL1,2025,13,2025-11-22T16:00:00Z,FINISHED,Racing Club de Lens,RC Strasbourg Alsace,RC Lens,Strasbourg,1,0,0.0,0.0,HOME_TEAM
542522,FL1,2025,13,2025-11-22T18:00:00Z,FINISHED,Stade Rennais FC 1901,AS Monaco FC,Stade Rennais,Monaco,4,1,1.0,0.0,HOME_TEAM
542519,FL1,2025,13,2025-11-22T20:05:00Z,FINISHED,Paris Saint-Germain FC,Le Havre AC,PSG,Le Havre,3,0,1.0,0.0,HOME_TEAM
542514,FL1,2025,13,2025-11-23T14:00:00Z,FINISHED,AJ Auxerre,Olympique Lyonnais,Auxerre,Olympique Lyon,0,0,0.0,0.0,DRAW
542515,FL1,2025,13,2025-11-23T16:15:00Z,FINISHED,FC Nantes,FC Lorient,Nantes,Lorient,1,1,0.0,1.0,DRAW
542516,FL1,2025,13,2025-11-23T16:15:00Z,FINISHED,Toulouse FC,Angers SCO,Toulouse,Angers SCO,0,1,0.0,1.0,AWAY_TEAM
542521,FL1,2025,13,2025-11-23T16:15:00Z,FINISHED,Stade Brestois 29,FC Metz,Brest,FC Metz,3,2,1.0,1.0,HOME_TEAM
542518,FL1,2025,13,2025-11-23T19:45:00Z,FINISHED,Lille OSC,Paris FC,Lille,Paris FC,4,2,1.0,1.0,HOME_TEAM
542526,FL1,2025,14,2025-11-28T19:45:00Z,FINISHED,FC Metz,Stade Rennais FC 1901,FC Metz,Stade Rennais,0,1,0.0,1.0,AWAY_TEAM
542524,FL1,2025,14,2025-11-29T16:00:00Z,FINISHED,AS Monaco FC,Paris Saint-Germain FC,Monaco,PSG,1,0,0.0,0.0,HOME_TEAM
542527,FL1,2025,14,2025-11-29T18:00:00Z,FINISHED,Paris FC,AJ Auxerre,Paris FC,Auxerre,1,1,1.0,1.0,DRAW
542529,FL1,2025,14,2025-11-29T20:05:00Z,FINISHED,Olympique de Marseille,Toulouse FC,Marseille,Toulouse,2,2,0.0,1.0,DRAW
542530,FL1,2025,14,2025-11-30T14:00:00Z,FINISHED,RC Strasbourg Alsace,Stade Brestois 29,Strasbourg,Brest,1,2,1.0,0.0,AWAY_TEAM
542523,FL1,2025,14,2025-11-30T16:15:00Z,FINISHED,Le Havre AC,Lille OSC,Le Havre,Lille,0,1,0.0,0.0,AWAY_TEAM
542525,FL1,2025,14,2025-11-30T16:15:00Z,FINISHED,FC Lorient,OGC Nice,Lorient,Nice,3,1,2.0,1.0,HOME_TEAM
542531,FL1,2025,14,2025-11-30T16:15:00Z,FINISHED,Angers SCO,Racing Club de Lens,Angers SCO,RC Lens,1,2,0.0,1.0,AWAY_TEAM
542528,FL1,2025,14,2025-11-30T19:45:00Z,FINISHED,Olympique Lyonnais,FC Nantes,Olympique Lyon,Nantes,3,0,0.0,0.0,HOME_TEAM
542540,FL1,2025,15,2025-12-05T18:00:00Z,FINISHED,Stade Brestois 29,AS Monaco FC,Brest,Monaco,1,0,1.0,0.0,HOME_TEAM
542538,FL1,2025,15,2025-12-05T20:00:00Z,FINISHED,Lille OSC,Olympique de Marseille,Lille,Marseille,1,0,1.0,0.0,HOME_TEAM
542535,FL1,2025,15,2025-12-06T16:00:00Z,FINISHED,FC Nantes,Racing Club de Lens,Nantes,RC Lens,1,2,1.0,1.0,AWAY_TEAM
542536,FL1,2025,15,2025-12-06T18:00:00Z,FINISHED,Toulouse FC,RC Strasbourg Alsace,Toulouse,Strasbourg,1,0,1.0,0.0,HOME_TEAM
542539,FL1,2025,15,2025-12-06T20:05:00Z,FINISHED,Paris Saint-Germain FC,Stade Rennais FC 1901,PSG,Stade Rennais,5,0,2.0,0.0,HOME_TEAM
542537,FL1,2025,15,2025-12-07T14:00:00Z,FINISHED,OGC Nice,Angers SCO,Nice,Angers SCO,0,1,0.0,1.0,AWAY_TEAM
542532,FL1,2025,15,2025-12-07T16:15:00Z,FINISHED,Le Havre AC,Paris FC,Le Havre,Paris FC,0,0,0.0,0.0,DRAW
542533,FL1,2025,15,2025-12-07T16:15:00Z,FINISHED,AJ Auxerre,FC Metz,Auxerre,FC Metz,3,1,2.0,1.0,HOME_TEAM
542534,FL1,2025,15,2025-12-07T19:45:00Z,FINISHED,FC Lorient,Olympique Lyonnais,Lorient,Olympique Lyon,1,0,1.0,0.0,HOME_TEAM
542548,FL1,2025,16,2025-12-12T19:45:00Z,FINISHED,Angers SCO,FC Nantes,Angers SCO,Nantes,4,1,1.0,0.0,HOME_TEAM
542549,FL1,2025,16,2025-12-13T16:00:00Z,FINISHED,Stade Rennais FC 1901,Stade Brestois 29,Stade Rennais,Brest,3,1,2.0,1.0,HOME_TEAM
542542,FL1,2025,16,2025-12-13T18:00:00Z,FINISHED,FC Metz,Paris Saint-Germain FC,FC Metz,PSG,2,3,1.0,2.0,AWAY_TEAM
542543,FL1,2025,16,2025-12-13T20:05:00Z,FINISHED,Paris FC,Toulouse FC,Paris FC,Toulouse,0,3,0.0,2.0,AWAY_TEAM
542544,FL1,2025,16,2025-12-14T14:00:00Z,FINISHED,Olympique Lyonnais,Le Havre AC,Olympique Lyon,Le Havre,1,0,0.0,0.0,HOME_TEAM
542541,FL1,2025,16,2025-12-14T16:15:00Z,FINISHED,AJ Auxerre,Lille OSC,Auxerre,Lille,3,4,0.0,1.0,AWAY_TEAM
542546,FL1,2025,16,2025-12-14T16:15:00Z,FINISHED,RC Strasbourg Alsace,FC Lorient,Strasbourg,Lorient,0,0,0.0,0.0,DRAW
542547,FL1,2025,16,2025-12-14T16:15:00Z,FINISHED,Racing Club de Lens,OGC Nice,RC Lens,Nice,2,0,1.0,0.0,HOME_TEAM
542545,FL1,2025,16,2025-12-14T19:45:00Z,FINISHED,Olympique de Marseille,AS Monaco FC,Marseille,Monaco,1,0,0.0,0.0,HOME_TEAM
542553,FL1,2025,17,2026-01-02T19:45:00Z,FINISHED,Toulouse FC,Racing Club de Lens,Toulouse,RC Lens,0,3,0.0,0.0,AWAY_TEAM
542551,FL1,2025,17,2026-01-03T16:00:00Z,FINISHED,AS Monaco FC,Olympique Lyonnais,Monaco,Olympique Lyon,1,3,1.0,1.0,AWAY_TEAM
542554,FL1,2025,17,2026-01-03T18:00:00Z,FINISHED,OGC Nice,RC Strasbourg Alsace,Nice,Strasbourg,1,1,0.0,1.0,DRAW
542556,FL1,2025,17,2026-01-03T20:05:00Z,FINISHED,Lille OSC,Stade Rennais FC 1901,Lille,Stade Rennais,0,2,0.0,0.0,AWAY_TEAM
542555,FL1,2025,17,2026-01-04T14:00:00Z,FINISHED,Olympique de Marseille,FC Nantes,Marseille,Nantes,0,2,0.0,1.0,AWAY_TEAM
542550,FL1,2025,17,2026-01-04T16:15:00Z,FINISHED,Le Havre AC,Angers SCO,Le Havre,Angers SCO,2,1,1.0,0.0,HOME_TEAM
542552,FL1,2025,17,2026-01-04T16:15:00Z,FINISHED,FC Lorient,FC Metz,Lorient,FC Metz,1,1,0.0,1.0,DRAW
542558,FL1,2025,17,2026-01-04T16:15:00Z,FINISHED,Stade Brestois 29,AJ Auxerre,Brest,Auxerre,2,0,1.0,0.0,HOME_TEAM
542557,FL1,2025,17,2026-01-04T19:45:00Z,FINISHED,Paris Saint-Germain FC,Paris FC,PSG,Paris FC,2,1,1.0,0.0,HOME_TEAM
542559,FL1,2025,18,2026-01-16T18:00:00Z,FINISHED,AS Monaco FC,FC Lorient,Monaco,Lorient,1,3,0.0,0.0,AWAY_TEAM
542563,FL1,2025,18,2026-01-16T20:00:00Z,FINISHED,Paris Saint-Germain FC,Lille OSC,PSG,Lille,3,0,1.0,0.0,HOME_TEAM
542565,FL1,2025,18,2026-01-17T16:00:00Z,FINISHED,Racing Club de Lens,AJ Auxerre,RC Lens,Auxerre,1,0,0.0,0.0,HOME_TEAM
542561,FL1,2025,18,2026-01-17T18:00:00Z,FINISHED,Toulouse FC,OGC Nice,Toulouse,Nice,5,1,2.0,0.0,HOME_TEAM
542566,FL1,2025,18,2026-01-17T20:05:00Z,FINISHED,Angers SCO,Olympique de Marseille,Angers SCO,Marseille,2,5,1.0,4.0,AWAY_TEAM
542564,FL1,2025,18,2026-01-18T14:00:00Z,FINISHED,RC Strasbourg Alsace,FC Metz,Strasbourg,FC Metz,2,1,2.0,1.0,HOME_TEAM
542560,FL1,2025,18,2026-01-18T16:15:00Z,FINISHED,FC Nantes,Paris FC,Nantes,Paris FC,1,2,0.0,1.0,AWAY_TEAM
542567,FL1,2025,18,2026-01-18T16:15:00Z,FINISHED,Stade Rennais FC 1901,Le Havre AC,Stade Rennais,Le Havre,1,1,0.0,0.0,DRAW
542562,FL1,2025,18,2026-01-18T19:45:00Z,FINISHED,Olympique Lyonnais,Stade Brestois 29,Olympique Lyon,Brest,2,1,2.0,0.0,HOME_TEAM
542569,FL1,2025,19,2026-01-23T19:00:00Z,FINISHED,AJ Auxerre,Paris Saint-Germain FC,Auxerre,PSG,0,1,0.0,0.0,AWAY_TEAM
542576,FL1,2025,19,2026-01-24T16:00:00Z,FINISHED,Stade Rennais FC 1901,FC Lorient,Stade Rennais,Lorient,0,2,0.0,1.0,AWAY_TEAM
542568,FL1,2025,19,2026-01-24T18:00:00Z,FINISHED,Le Havre AC,AS Monaco FC,Le Havre,Monaco,0,0,0.0,0.0,DRAW
542573,FL1,2025,19,2026-01-24T20:05:00Z,FINISHED,Olympique de Marseille,Racing Club de Lens,Marseille,RC Lens,3,1,2.0,0.0,HOME_TEAM
542571,FL1,2025,19,2026-01-25T14:00:00Z,FINISHED,FC Nantes,OGC Nice,Nantes,Nice,1,4,1.0,3.0,AWAY_TEAM
542570,FL1,2025,19,2026-01-25T16:15:00Z,FINISHED,FC Metz,Olympique Lyonnais,FC Metz,Olympique Lyon,2,5,1.0,4.0,AWAY_TEAM
542572,FL1,2025,19,2026-01-25T16:15:00Z,FINISHED,Paris FC,Angers SCO,Paris FC,Angers SCO,0,0,0.0,0.0,DRAW
542575,FL1,2025,19,2026-01-25T16:15:00Z,FINISHED,Stade Brestois 29,Toulouse FC,Brest,Toulouse,0,2,0.0,2.0,AWAY_TEAM
542574,FL1,2025,19,2026-01-25T19:45:00Z,FINISHED,Lille OSC,RC Strasbourg Alsace,Lille,Strasbourg,1,4,0.0,2.0,AWAY_TEAM
542584,FL1,2025,20,2026-01-30T19:45:00Z,FINISHED,Racing Club de Lens,Le Havre AC,RC Lens,Le Havre,1,0,1.0,0.0,HOME_TEAM
542579,FL1,2025,20,2026-01-31T16:00:00Z,FINISHED,Paris FC,Olympique de Marseille,Paris FC,Marseille,2,2,0.0,1.0,DRAW
542578,FL1,2025,20,2026-01-31T18:00:00Z,FINISHED,FC Lorient,FC Nantes,Lorient,Nantes,2,1,1.0,0.0,HOME_TEAM
542577,FL1,2025,20,2026-01-31T20:05:00Z,FINISHED,AS Monaco FC,Stade Rennais FC 1901,Monaco,Stade Rennais,4,0,1.0,0.0,HOME_TEAM
542582,FL1,2025,20,2026-02-01T14:00:00Z,FINISHED,Olympique Lyonnais,Lille OSC,Olympique Lyon,Lille,1,0,1.0,0.0,HOME_TEAM
542580,FL1,2025,20,2026-02-01T16:15:00Z,FINISHED,Toulouse FC,AJ Auxerre,Toulouse,Auxerre,0,0,0.0,0.0,DRAW
542581,FL1,2025,20,2026-02-01T16:15:00Z,FINISHED,OGC Nice,Stade Brestois 29,Nice,Brest,2,2,0.0,2.0,DRAW
542585,FL1,2025,20,2026-02-01T16:15:00Z,FINISHED,Angers SCO,FC Metz,Angers SCO,FC Metz,1,0,1.0,0.0,HOME_TEAM
542583,FL1,2025,20,2026-02-01T19:45:00Z,FINISHED,RC Strasbourg Alsace,Paris Saint-Germain FC,Strasbourg,PSG,1,2,1.0,1.0,AWAY_TEAM
542588,FL1,2025,21,2026-02-06T19:45:00Z,FINISHED,FC Metz,Lille OSC,FC Metz,Lille,0,0,0.0,0.0,DRAW
542592,FL1,2025,21,2026-02-07T16:00:00Z,FINISHED,Racing Club de Lens,Stade Rennais FC 1901,RC Lens,Stade Rennais,3,1,1.0,1.0,HOME_TEAM
542594,FL1,2025,21,2026-02-07T18:00:00Z,FINISHED,Stade Brestois 29,FC Lorient,Brest,Lorient,2,0,0.0,0.0,HOME_TEAM
542589,FL1,2025,21,2026-02-07T20:05:00Z,FINISHED,FC Nantes,Olympique Lyonnais,Nantes,Olympique Lyon,0,1,0.0,1.0,AWAY_TEAM
542590,FL1,2025,21,2026-02-08T14:00:00Z,FINISHED,OGC Nice,AS Monaco FC,Nice,Monaco,0,0,0.0,0.0,DRAW
542586,FL1,2025,21,2026-02-08T16:15:00Z,FINISHED,Le Havre AC,RC Strasbourg Alsace,Le Havre,Strasbourg,2,1,1.0,1.0,HOME_TEAM
542587,FL1,2025,21,2026-02-08T16:15:00Z,FINISHED,AJ Auxerre,Paris FC,Auxerre,Paris FC,0,0,0.0,0.0,DRAW
542593,FL1,2025,21,2026-02-08T16:15:00Z,FINISHED,Angers SCO,Toulouse FC,Angers SCO,Toulouse,1,0,0.0,0.0,HOME_TEAM
542591,FL1,2025,21,2026-02-08T19:45:00Z,FINISHED,Paris Saint-Germain FC,Olympique de Marseille,PSG,Marseille,5,0,2.0,0.0,HOME_TEAM
542603,FL1,2025,22,2026-02-13T18:00:00Z,FINISHED,Stade Rennais FC 1901,Paris Saint-Germain FC,Stade Rennais,PSG,3,1,1.0,0.0,HOME_TEAM
542596,FL1,2025,22,2026-02-13T20:05:00Z,FINISHED,AS Monaco FC,FC Nantes,Monaco,Nantes,3,1,3.0,1.0,HOME_TEAM
542601,FL1,2025,22,2026-02-14T16:00:00Z,FINISHED,Olympique de Marseille,RC Strasbourg Alsace,Marseille,Strasbourg,2,2,1.0,0.0,DRAW
542602,FL1,2025,22,2026-02-14T18:00:00Z,FINISHED,Lille OSC,Stade Brestois 29,Lille,Brest,1,1,0.0,0.0,DRAW
542599,FL1,2025,22,2026-02-14T20:05:00Z,FINISHED,Paris FC,Racing Club de Lens,Paris FC,RC Lens,0,5,0.0,2.0,AWAY_TEAM
542595,FL1,2025,22,2026-02-15T14:00:00Z,FINISHED,Le Havre AC,Toulouse FC,Le Havre,Toulouse,2,1,1.0,1.0,HOME_TEAM
542597,FL1,2025,22,2026-02-15T16:15:00Z,FINISHED,FC Lorient,Angers SCO,Lorient,Angers SCO,2,0,1.0,0.0,HOME_TEAM
542598,FL1,2025,22,2026-02-15T16:15:00Z,FINISHED,FC Metz,AJ Auxerre,FC Metz,Auxerre,1,3,0.0,1.0,AWAY_TEAM
542600,FL1,2025,22,2026-02-15T19:45:00Z,FINISHED,Olympique Lyonnais,OGC Nice,Olympique Lyon,Nice,2,0,1.0,0.0,HOME_TEAM
542612,FL1,2025,23,2026-02-20T19:45:00Z,FINISHED,Stade Brestois 29,Olympique de Marseille,Brest,Marseille,2,0,2.0,0.0,HOME_TEAM
542610,FL1,2025,23,2026-02-21T16:00:00Z,FINISHED,Racing Club de Lens,AS Monaco FC,RC Lens,Monaco,2,3,1.0,0.0,AWAY_TEAM
542606,FL1,2025,23,2026-02-21T18:00:00Z,FINISHED,Toulouse FC,Paris FC,Toulouse,Paris FC,1,1,0.0,1.0,DRAW
542608,FL1,2025,23,2026-02-21T20:05:00Z,FINISHED,Paris Saint-Germain FC,FC Metz,PSG,FC Metz,3,0,2.0,0.0,HOME_TEAM
542604,FL1,2025,23,2026-02-22T14:00:00Z,FINISHED,AJ Auxerre,Stade Rennais FC 1901,Auxerre,Stade Rennais,0,3,0.0,3.0,AWAY_TEAM
542605,FL1,2025,23,2026-02-22T16:15:00Z,FINISHED,FC Nantes,Le Havre AC,Nantes,Le Havre,2,0,2.0,0.0,HOME_TEAM
542607,FL1,2025,23,2026-02-22T16:15:00Z,FINISHED,OGC Nice,FC Lorient,Nice,Lorient,3,3,2.0,1.0,DRAW
542611,FL1,2025,23,2026-02-22T16:15:00Z,FINISHED,Angers SCO,Lille OSC,Angers SCO,Lille,0,1,0.0,1.0,AWAY_TEAM
542609,FL1,2025,23,2026-02-22T19:45:00Z,FINISHED,RC Strasbourg Alsace,Olympique Lyonnais,Strasbourg,Olympique Lyon,3,1,1.0,0.0,HOME_TEAM
542620,FL1,2025,24,2026-02-27T19:45:00Z,FINISHED,RC Strasbourg Alsace,Racing Club de Lens,Strasbourg,RC Lens,1,1,1.0,0.0,DRAW
542621,FL1,2025,24,2026-02-28T16:00:00Z,FINISHED,Stade Rennais FC 1901,Toulouse FC,Stade Rennais,Toulouse,1,0,1.0,0.0,HOME_TEAM
542614,FL1,2025,24,2026-02-28T18:00:00Z,FINISHED,AS Monaco FC,Angers SCO,Monaco,Angers SCO,2,0,0.0,0.0,HOME_TEAM
542613,FL1,2025,24,2026-02-28T20:05:00Z,FINISHED,Le Havre AC,Paris Saint-Germain FC,Le Havre,PSG,0,1,0.0,1.0,AWAY_TEAM
542617,FL1,2025,24,2026-03-01T14:00:00Z,FINISHED,Paris FC,OGC Nice,Paris FC,Nice,1,0,1.0,0.0,HOME_TEAM
542615,FL1,2025,24,2026-03-01T16:15:00Z,FINISHED,FC Lorient,AJ Auxerre,Lorient,Auxerre,2,2,2.0,2.0,DRAW
542616,FL1,2025,24,2026-03-01T16:15:00Z,FINISHED,FC Metz,Stade Brestois 29,FC Metz,Brest,0,1,0.0,0.0,AWAY_TEAM
542619,FL1,2025,24,2026-03-01T16:15:00Z,FINISHED,Lille OSC,FC Nantes,Lille,Nantes,1,0,0.0,0.0,HOME_TEAM
542618,FL1,2025,24,2026-03-01T19:45:00Z,FINISHED,Olympique de Marseille,Olympique Lyonnais,Marseille,Olympique Lyon,3,2,0.0,1.0,HOME_TEAM
542628,FL1,2025,25,2026-03-06T19:45:00Z,FINISHED,Paris Saint-Germain FC,AS Monaco FC,PSG,Monaco,1,3,0.0,1.0,AWAY_TEAM
542623,FL1,2025,25,2026-03-07T16:00:00Z,FINISHED,FC Nantes,Angers SCO,Nantes,Angers SCO,0,1,0.0,0.0,AWAY_TEAM
542622,FL1,2025,25,2026-03-07T18:00:00Z,FINISHED,AJ Auxerre,RC Strasbourg Alsace,Auxerre,Strasbourg,0,0,0.0,0.0,DRAW
542624,FL1,2025,25,2026-03-07T20:05:00Z,FINISHED,Toulouse FC,Olympique de Marseille,Toulouse,Marseille,0,1,0.0,1.0,AWAY_TEAM
542629,FL1,2025,25,2026-03-08T14:00:00Z,FINISHED,Racing Club de Lens,FC Metz,RC Lens,FC Metz,3,0,1.0,0.0,HOME_TEAM
542625,FL1,2025,25,2026-03-08T16:15:00Z,FINISHED,OGC Nice,Stade Rennais FC 1901,Nice,Stade Rennais,0,4,0.0,2.0,AWAY_TEAM
542627,FL1,2025,25,2026-03-08T16:15:00Z,FINISHED,Lille OSC,FC Lorient,Lille,Lorient,1,1,0.0,0.0,DRAW
542630,FL1,2025,25,2026-03-08T16:15:00Z,FINISHED,Stade Brestois 29,Le Havre AC,Brest,Le Havre,2,0,1.0,0.0,HOME_TEAM
542626,FL1,2025,25,2026-03-08T19:45:00Z,FINISHED,Olympique Lyonnais,Paris FC,Olympique Lyon,Paris FC,1,1,0.0,0.0,DRAW
542635,FL1,2025,26,2026-03-13T19:45:00Z,FINISHED,Olympique de Marseille,AJ Auxerre,Marseille,Auxerre,1,0,0.0,0.0,HOME_TEAM
542633,FL1,2025,26,2026-03-14T16:00:00Z,FINISHED,FC Lorient,Racing Club de Lens,Lorient,RC Lens,2,1,1.0,0.0,HOME_TEAM
542638,FL1,2025,26,2026-03-14T18:00:00Z,FINISHED,Angers SCO,OGC Nice,Angers SCO,Nice,0,2,0.0,0.0,AWAY_TEAM
542632,FL1,2025,26,2026-03-14T20:05:00Z,FINISHED,AS Monaco FC,Stade Brestois 29,Monaco,Brest,2,0,1.0,0.0,HOME_TEAM
542637,FL1,2025,26,2026-03-15T14:00:00Z,FINISHED,RC Strasbourg Alsace,Paris FC,Strasbourg,Paris FC,0,0,0.0,0.0,DRAW
542631,FL1,2025,26,2026-03-15T16:15:00Z,FINISHED,Le Havre AC,Olympique Lyonnais,Le Havre,Olympique Lyon,0,0,0.0,0.0,DRAW
542634,FL1,2025,26,2026-03-15T16:15:00Z,FINISHED,FC Metz,Toulouse FC,FC Metz,Toulouse,3,4,2.0,3.0,AWAY_TEAM
542639,FL1,2025,26,2026-03-15T19:45:00Z,FINISHED,Stade Rennais FC 1901,Lille OSC,Stade Rennais,Lille,1,2,0.0,1.0,AWAY_TEAM
542647,FL1,2025,27,2026-03-20T19:45:00Z,FINISHED,Racing Club de Lens,Angers SCO,RC Lens,Angers SCO,5,1,3.0,0.0,HOME_TEAM
542643,FL1,2025,27,2026-03-21T16:00:00Z,FINISHED,Toulouse FC,FC Lorient,Toulouse,Lorient,1,0,0.0,0.0,HOME_TEAM
542640,FL1,2025,27,2026-03-21T18:00:00Z,FINISHED,AJ Auxerre,Stade Brestois 29,Auxerre,Brest,3,0,1.0,0.0,HOME_TEAM
542644,FL1,2025,27,2026-03-21T20:05:00Z,FINISHED,OGC Nice,Paris Saint-Germain FC,Nice,PSG,0,4,0.0,1.0,AWAY_TEAM
542645,FL1,2025,27,2026-03-22T14:00:00Z,FINISHED,Olympique Lyonnais,AS Monaco FC,Olympique Lyon,Monaco,1,2,1.0,0.0,AWAY_TEAM
542642,FL1,2025,27,2026-03-22T16:15:00Z,FINISHED,Paris FC,Le Havre AC,Paris FC,Le Havre,3,2,2.0,0.0,HOME_TEAM
542646,FL1,2025,27,2026-03-22T16:15:00Z,FINISHED,Olympique de Marseille,Lille OSC,Marseille,Lille,1,2,1.0,0.0,AWAY_TEAM
542648,FL1,2025,27,2026-03-22T16:15:00Z,FINISHED,Stade Rennais FC 1901,FC Metz,Stade Rennais,FC Metz,0,0,0.0,0.0,DRAW
542641,FL1,2025,27,2026-03-22T19:45:00Z,FINISHED,FC Nantes,RC Strasbourg Alsace,Nantes,Strasbourg,2,3,1.0,1.0,AWAY_TEAM
542654,FL1,2025,28,2026-04-03T18:45:00Z,FINISHED,Paris Saint-Germain FC,Toulouse FC,PSG,Toulouse,3,1,2.0,1.0,HOME_TEAM
542655,FL1,2025,28,2026-04-04T15:00:00Z,FINISHED,RC Strasbourg Alsace,OGC Nice,Strasbourg,Nice,3,1,3.0,0.0,HOME_TEAM
542657,FL1,2025,28,2026-04-04T17:00:00Z,FINISHED,Stade Brestois 29,Stade Rennais FC 1901,Brest,Stade Rennais,3,4,1.0,2.0,AWAY_TEAM
542653,FL1,2025,28,2026-04-04T19:05:00Z,FINISHED,Lille OSC,Racing Club de Lens,Lille,RC Lens,3,0,1.0,0.0,HOME_TEAM
542656,FL1,2025,28,2026-04-05T13:00:00Z,FINISHED,Angers SCO,Olympique Lyonnais,Angers SCO,Olympique Lyon,0,0,0.0,0.0,DRAW
542649,FL1,2025,28,2026-04-05T15:15:00Z,FINISHED,Le Havre AC,AJ Auxerre,Le Havre,Auxerre,1,1,1.0,1.0,DRAW
542651,FL1,2025,28,2026-04-05T15:15:00Z,FINISHED,FC Lorient,Paris FC,Lorient,Paris FC,1,1,0.0,0.0,DRAW
542652,FL1,2025,28,2026-04-05T15:15:00Z,FINISHED,FC Metz,FC Nantes,FC Metz,Nantes,0,0,0.0,0.0,DRAW
542650,FL1,2025,28,2026-04-05T18:45:00Z,FINISHED,AS Monaco FC,Olympique de Marseille,Monaco,Marseille,2,1,0.0,0.0,HOME_TEAM
542659,FL1,2025,29,2026-04-10T17:00:00Z,FINISHED,Paris FC,AS Monaco FC,Paris FC,Monaco,4,1,3.0,1.0,HOME_TEAM
542663,FL1,2025,29,2026-04-10T19:05:00Z,FINISHED,Olympique de Marseille,FC Metz,Marseille,FC Metz,3,1,1.0,0.0,HOME_TEAM
542658,FL1,2025,29,2026-04-11T17:00:00Z,FINISHED,AJ Auxerre,FC Nantes,Auxerre,Nantes,0,0,0.0,0.0,DRAW
542666,FL1,2025,29,2026-04-11T19:05:00Z,FINISHED,Stade Rennais FC 1901,Angers SCO,Stade Rennais,Angers SCO,2,1,2.0,0.0,HOME_TEAM
542660,FL1,2025,29,2026-04-12T15:15:00Z,FINISHED,Toulouse FC,Lille OSC,Toulouse,Lille,0,4,0.0,1.0,AWAY_TEAM
542661,FL1,2025,29,2026-04-12T15:15:00Z,FINISHED,OGC Nice,Le Havre AC,Nice,Le Havre,1,1,0.0,1.0,DRAW
542662,FL1,2025,29,2026-04-12T18:45:00Z,FINISHED,Olympique Lyonnais,FC Lorient,Olympique Lyon,Lorient,2,0,0.0,0.0,HOME_TEAM
542674,FL1,2025,30,2026-04-17T18:45:00Z,FINISHED,Racing Club de Lens,Toulouse FC,RC Lens,Toulouse,3,2,0.0,2.0,HOME_TEAM
542668,FL1,2025,30,2026-04-18T15:00:00Z,FINISHED,FC Lorient,Olympique de Marseille,Lorient,Marseille,2,0,1.0,0.0,HOME_TEAM
542675,FL1,2025,30,2026-04-18T17:00:00Z,FINISHED,Angers SCO,Le Havre AC,Angers SCO,Le Havre,1,1,1.0,1.0,DRAW
542671,FL1,2025,30,2026-04-18T19:05:00Z,FINISHED,Lille OSC,OGC Nice,Lille,Nice,0,0,0.0,0.0,DRAW
542667,FL1,2025,30,2026-04-19T13:00:00Z,FINISHED,AS Monaco FC,AJ Auxerre,Monaco,Auxerre,2,2,0.0,2.0,DRAW
542669,FL1,2025,30,2026-04-19T15:15:00Z,FINISHED,FC Metz,Paris FC,FC Metz,Paris FC,1,3,1.0,1.0,AWAY_TEAM
542670,FL1,2025,30,2026-04-19T15:15:00Z,FINISHED,FC Nantes,Stade Brestois 29,Nantes,Brest,1,1,1.0,0.0,DRAW
542673,FL1,2025,30,2026-04-19T15:15:00Z,FINISHED,RC Strasbourg Alsace,Stade Rennais FC 1901,Strasbourg,Stade Rennais,0,3,0.0,1.0,AWAY_TEAM
542672,FL1,2025,30,2026-04-19T18:45:00Z,FINISHED,Paris Saint-Germain FC,Olympique Lyonnais,PSG,Olympique Lyon,1,2,0.0,2.0,AWAY_TEAM
542636,FL1,2025,26,2026-04-22T17:00:00Z,FINISHED,Paris Saint-Germain FC,FC Nantes,PSG,Nantes,3,0,2.0,0.0,HOME_TEAM
542683,FL1,2025,31,2026-04-24T18:45:00Z,FINISHED,Stade Brestois 29,Racing Club de Lens,Brest,RC Lens,3,3,3.0,0.0,DRAW
542680,FL1,2025,31,2026-04-25T13:00:00Z,FINISHED,Olympique Lyonnais,AJ Auxerre,Olympique Lyon,Auxerre,3,2,1.0,1.0,HOME_TEAM
542682,FL1,2025,31,2026-04-25T17:00:00Z,FINISHED,Angers SCO,Paris Saint-Germain FC,Angers SCO,PSG,0,3,0.0,2.0,AWAY_TEAM
542679,FL1,2025,31,2026-04-25T19:05:00Z,FINISHED,Toulouse FC,AS Monaco FC,Toulouse,Monaco,2,2,0.0,2.0,DRAW
542677,FL1,2025,31,2026-04-26T13:00:00Z,FINISHED,FC Lorient,RC Strasbourg Alsace,Lorient,Strasbourg,2,3,1.0,0.0,AWAY_TEAM
542676,FL1,2025,31,2026-04-26T15:15:00Z,FINISHED,Le Havre AC,FC Metz,Le Havre,FC Metz,4,4,2.0,2.0,DRAW
542678,FL1,2025,31,2026-04-26T15:15:00Z,FINISHED,Paris FC,Lille OSC,Paris FC,Lille,0,1,0.0,1.0,AWAY_TEAM
542684,FL1,2025,31,2026-04-26T15:15:00Z,FINISHED,Stade Rennais FC 1901,FC Nantes,Stade Rennais,Nantes,2,1,1.0,1.0,HOME_TEAM
542681,FL1,2025,31,2026-04-26T18:45:00Z,FINISHED,Olympique de Marseille,OGC Nice,Marseille,Nice,1,1,0.0,0.0,DRAW
542687,FL1,2025,32,2026-05-02T13:00:00Z,FINISHED,FC Nantes,Olympique de Marseille,Nantes,Marseille,3,0,0.0,0.0,HOME_TEAM
542692,FL1,2025,32,2026-05-02T15:00:00Z,FINISHED,Paris Saint-Germain FC,FC Lorient,PSG,Lorient,2,2,1.0,1.0,DRAW
542686,FL1,2025,32,2026-05-02T17:00:00Z,FINISHED,FC Metz,AS Monaco FC,FC Metz,Monaco,1,2,0.0,0.0,AWAY_TEAM
542689,FL1,2025,32,2026-05-02T19:05:00Z,FINISHED,OGC Nice,Racing Club de Lens,Nice,RC Lens,1,1,0.0,0.0,DRAW
542691,FL1,2025,32,2026-05-03T13:00:00Z,FINISHED,Lille OSC,Le Havre AC,Lille,Le Havre,1,1,1.0,1.0,DRAW
542685,FL1,2025,32,2026-05-03T15:15:00Z,FINISHED,AJ Auxerre,Angers SCO,Auxerre,Angers SCO,3,1,1.0,0.0,HOME_TEAM
542688,FL1,2025,32,2026-05-03T15:15:00Z,FINISHED,Paris FC,Stade Brestois 29,Paris FC,Brest,4,0,2.0,0.0,HOME_TEAM
542693,FL1,2025,32,2026-05-03T15:15:00Z,FINISHED,RC Strasbourg Alsace,Toulouse FC,Strasbourg,Toulouse,1,2,1.0,1.0,AWAY_TEAM
542690,FL1,2025,32,2026-05-03T18:45:00Z,FINISHED,Olympique Lyonnais,Stade Rennais FC 1901,Olympique Lyon,Stade Rennais,4,2,2.0,1.0,HOME_TEAM
542700,FL1,2025,33,2026-05-08T18:45:00Z,FINISHED,Racing Club de Lens,FC Nantes,RC Lens,Nantes,1,0,0.0,0.0,HOME_TEAM
542694,FL1,2025,33,2026-05-10T19:00:00Z,FINISHED,Le Havre AC,Olympique de Marseille,Le Havre,Marseille,0,1,0.0,0.0,AWAY_TEAM
542695,FL1,2025,33,2026-05-10T19:00:00Z,FINISHED,AJ Auxerre,OGC Nice,Auxerre,Nice,2,1,1.0,1.0,HOME_TEAM
542696,FL1,2025,33,2026-05-10T19:00:00Z,FINISHED,AS Monaco FC,Lille OSC,Monaco,Lille,0,1,0.0,0.0,AWAY_TEAM
542697,FL1,2025,33,2026-05-10T19:00:00Z,FINISHED,FC Metz,FC Lorient,FC Metz,Lorient,0,4,0.0,1.0,AWAY_TEAM
542698,FL1,2025,33,2026-05-10T19:00:00Z,FINISHED,Toulouse FC,Olympique Lyonnais,Toulouse,Olympique Lyon,2,1,1.0,0.0,HOME_TEAM
542699,FL1,2025,33,2026-05-10T19:00:00Z,FINISHED,Paris Saint-Germain FC,Stade Brestois 29,PSG,Brest,1,0,0.0,0.0,HOME_TEAM
542701,FL1,2025,33,2026-05-10T19:00:00Z,FINISHED,Angers SCO,RC Strasbourg Alsace,Angers SCO,Strasbourg,1,1,0.0,1.0,DRAW
542702,FL1,2025,33,2026-05-10T19:00:00Z,FINISHED,Stade Rennais FC 1901,Paris FC,Stade Rennais,Paris FC,2,1,0.0,0.0,HOME_TEAM
542665,FL1,2025,29,2026-05-13T17:00:00Z,FINISHED,Stade Brestois 29,RC Strasbourg Alsace,Brest,Strasbourg,1,2,1.0,2.0,AWAY_TEAM
542664,FL1,2025,29,2026-05-13T19:00:00Z,FINISHED,Racing Club de Lens,Paris Saint-Germain FC,RC Lens,PSG,0,2,0.0,1.0,AWAY_TEAM
542703,FL1,2025,34,2026-05-17T19:00:00Z,FINISHED,FC Lorient,Le Havre AC,Lorient,Le Havre,0,2,0.0,1.0,AWAY_TEAM
542704,FL1,2025,34,2026-05-17T19:00:00Z,AWARDED,FC Nantes,Toulouse FC,Nantes,Toulouse,0,0,,,DRAW
542705,FL1,2025,34,2026-05-17T19:00:00Z,FINISHED,Paris FC,Paris Saint-Germain FC,Paris FC,PSG,2,1,0.0,0.0,HOME_TEAM
542706,FL1,2025,34,2026-05-17T19:00:00Z,FINISHED,OGC Nice,FC Metz,Nice,FC Metz,0,0,0.0,0.0,DRAW
542707,FL1,2025,34,2026-05-17T19:00:00Z,FINISHED,Olympique Lyonnais,Racing Club de Lens,Olympique Lyon,RC Lens,0,4,0.0,3.0,AWAY_TEAM
542708,FL1,2025,34,2026-05-17T19:00:00Z,FINISHED,Olympique de Marseille,Stade Rennais FC 1901,Marseille,Stade Rennais,3,1,2.0,0.0,HOME_TEAM
542709,FL1,2025,34,2026-05-17T19:00:00Z,FINISHED,Lille OSC,AJ Auxerre,Lille,Auxerre,0,2,0.0,1.0,AWAY_TEAM
542710,FL1,2025,34,2026-05-17T19:00:00Z,FINISHED,RC Strasbourg Alsace,AS Monaco FC,Strasbourg,Monaco,5,4,1.0,3.0,HOME_TEAM
542711,FL1,2025,34,2026-05-17T19:00:00Z,FINISHED,Stade Brestois 29,Angers SCO,Brest,Angers SCO,1,1,0.0,0.0,DRAW
