logged_at,competition,season,matchday,home_team,away_team,utc_date,source,status,pred_home_pct,pred_draw_pct,pred_away_pct,over_2_5_pct,btts_pct,low_confidence,h1_home_xg,h1_away_xg,h2_home_xg,h2_away_xg,actual_home_goals,actual_away_goals,actual_ht_home_goals,actual_ht_away_goals
2026-10-08T19:12:03Z,PL,2026,1.0,Nottingham Forest FC,Leeds United FC,2026-08-22T14:00:00Z,half_walkforward_v1,resolved,40.9,30.1,29.0,42.6,49.3,False,0.39089503644437357,0.4548471100708131,0.9534182040243845,0.5973374244901261,0,1,0,0
2026-10-08T19:12:03Z,PL,2026,1.0,Everton FC,Crystal Palace FC,2026-08-22T14:00:00Z,half_walkforward_v1,resolved,36.1,28.4,35.6,50.1,55.7,False,0.57559958963718,0.7029886991214932,0.7573841066180743,0.6321320106681115,2,0,1,0
2026-10-08T19:12:03Z,PL,2026,1.0,Brentford FC,Tottenham Hotspur FC,2026-08-22T16:30:00Z,half_walkforward_v1,resolved,43.3,27.3,29.4,53.0,57.3,False,0.7661337970763761,0.5998683786852557,0.774365742728346,0.6483625095851728,3,0,2,0
2026-10-08T19:12:03Z,PL,2026,1.0,Manchester City FC,AFC Bournemouth,2026-08-23T13:00:00Z,half_walkforward_v1,resolved,71.0,17.6,11.5,69.0,58.5,False,1.4976240044698221,0.48570802353805553,1.0944975049734453,0.5014024087382151,2,1,0,1
2026-10-08T19:12:03Z,PL,2026,1.0,Brighton & Hove Albion FC,Aston Villa FC,2026-08-23T13:00:00Z,half_walkforward_v1,resolved,44.1,28.4,27.4,47.9,53.0,False,0.6715589256372159,0.4962995850865548,0.7989206660661048,0.5828983660136275,4,0,4,0
2026-10-08T19:12:03Z,PL,2026,1.0,Newcastle United FC,Liverpool FC,2026-08-23T15:30:00Z,half_walkforward_v1,resolved,42.1,22.4,35.5,75.1,74.6,False,0.7992726381993229,0.3119857293376162,1.2561727770214641,1.6751484052253525,2,2,1,0
2026-10-08T19:12:03Z,PL,2026,1.0,Fulham FC,Chelsea FC,2026-08-24T19:00:00Z,half_walkforward_v1,resolved,37.1,27.1,35.9,55.5,59.8,False,0.7047133394359992,0.4551191361150873,0.7372509861409137,0.9841519934396628,2,3,1,2
2026-10-08T19:12:03Z,PL,2026,2.0,Crystal Palace FC,Manchester City FC,2026-08-28T19:00:00Z,half_walkforward_v1,resolved,17.5,27.1,55.4,43.8,45.7,False,0.18067450272077773,0.8592428414731759,0.6526859504132231,0.7801743710834619,1,4,0,1
2026-10-08T19:12:04Z,PL,2026,2.0,Liverpool FC,Nottingham Forest FC,2026-08-29T11:30:00Z,half_walkforward_v1,resolved,46.2,26.1,27.7,56.7,59.7,False,1.1167104802410839,0.28542538329940925,0.6289119976638075,0.9944549310692279,2,2,0,1
2026-10-08T19:12:04Z,PL,2026,2.0,AFC Bournemouth,Everton FC,2026-08-29T14:00:00Z,half_walkforward_v1,resolved,40.8,31.2,28.0,38.6,46.0,False,0.5003702240958442,0.37008924517041397,0.7472160402157235,0.6133147764984238,1,1,1,0
2026-10-08T19:12:04Z,PL,2026,2.0,Coventry City FC,Hull City AFC,2026-08-29T14:00:00Z,half_walkforward_v1,resolved,43.6,27.5,29.0,52.2,56.7,True,0.7066326530612245,0.49744897959183665,0.8367346938775515,0.7244897959183674,0,1,0,0
2026-10-08T19:12:04Z,PL,2026,2.0,Tottenham Hotspur FC,Newcastle United FC,2026-08-29T16:30:00Z,half_walkforward_v1,resolved,30.6,31.1,38.2,39.6,47.2,False,0.4269826576964715,0.9842825955770118,0.6345337541452772,0.35093940753209957,0,2,0,0
2026-10-08T19:12:04Z,PL,2026,2.0,Sunderland AFC,Fulham FC,2026-08-30T13:00:00Z,half_walkforward_v1,resolved,49.7,29.6,20.6,39.0,43.9,False,0.5376129768849426,0.2968467091021752,0.84826824866873,0.5301729173205009,1,0,0,0
2026-10-08T19:12:04Z,PL,2026,2.0,Chelsea FC,Brighton & Hove Albion FC,2026-08-30T13:00:00Z,half_walkforward_v1,resolved,35.7,29.5,34.8,45.7,52.3,False,0.7147340899118764,0.3720215342770004,0.558552213595156,0.885803082609757,4,3,3,1
2026-10-08T19:12:04Z,PL,2026,2.0,Leeds United FC,Brentford FC,2026-08-30T13:00:00Z,half_walkforward_v1,resolved,48.8,27.2,24.0,50.2,53.8,False,0.7620317889427343,0.31141547367093975,0.84826824866873,0.7311887575408865,1,1,0,1
2026-10-08T19:12:04Z,PL,2026,2.0,Manchester United FC,Ipswich Town FC,2026-08-30T15:30:00Z,half_walkforward_v1,resolved,53.2,23.7,23.1,62.8,62.7,True,0.9144586569209685,0.38567839195979897,1.0679534033805391,0.8720877112836912,5,2,1,1
2026-10-08T19:12:04Z,PL,2026,2.0,Aston Villa FC,Arsenal FC,2026-08-31T19:00:00Z,half_walkforward_v1,resolved,24.9,28.9,46.2,44.8,50.0,False,0.3589310007919394,0.645215593453958,0.6629233438845665,0.8114232608017444,0,1,0,0
2026-10-08T19:12:04Z,PL,2026,3.0,Ipswich Town FC,Liverpool FC,2026-09-04T19:00:00Z,half_walkforward_v1,resolved,46.4,24.6,29.1,63.8,65.3,True,0.7739473481344434,0.35386967501097927,1.071870944192083,0.9192391304347827,0,2,0,2
2026-10-08T19:12:04Z,PL,2026,3.0,Newcastle United FC,AFC Bournemouth,2026-09-05T11:30:00Z,half_walkforward_v1,resolved,44.3,22.1,33.7,75.9,75.0,False,0.9302633627624353,0.7187878602171321,1.1970982455550316,1.0789008458732496,2,2,1,2
2026-10-08T19:12:04Z,PL,2026,3.0,Fulham FC,Crystal Palace FC,2026-09-05T14:00:00Z,half_walkforward_v1,resolved,47.7,27.8,24.5,48.4,52.6,False,0.6943899571391642,0.48312267109677975,0.8516153703532031,0.5445069239090818,2,3,2,1
2026-10-08T19:12:04Z,PL,2026,3.0,Brentford FC,Sunderland AFC,2026-09-05T14:00:00Z,half_walkforward_v1,resolved,57.7,25.8,16.5,46.9,47.2,False,0.8808742230719527,0.3250062923511548,0.8403069717574699,0.4863201149907298,1,1,0,0
2026-10-08T19:12:04Z,PL,2026,3.0,Brighton & Hove Albion FC,Leeds United FC,2026-09-05T14:00:00Z,half_walkforward_v1,resolved,59.3,24.2,16.5,52.5,51.3,False,0.6729079957078349,0.5414617753285641,1.1694995183413206,0.38342501697690173,1,1,0,1
2026-10-08T19:12:04Z,PL,2026,3.0,Manchester City FC,Coventry City FC,2026-09-05T14:00:00Z,half_walkforward_v1,resolved,81.7,13.2,5.1,65.7,43.4,True,1.7847994051863898,0.2774172615184945,1.072254218040234,0.3319273199221285,1,0,1,0
2026-10-08T19:12:04Z,PL,2026,3.0,Nottingham Forest FC,Tottenham Hotspur FC,2026-09-05T14:00:00Z,half_walkforward_v1,resolved,28.4,30.9,40.7,39.9,47.1,False,0.4917942201328785,0.4473555783194491,0.5088189890407536,0.8127566584819385,0,0,0,0
2026-10-08T19:12:04Z,PL,2026,3.0,Hull City AFC,Aston Villa FC,2026-09-05T16:30:00Z,half_walkforward_v1,resolved,54.2,26.6,19.2,47.4,49.4,True,1.2142276055319536,0.3099027881636577,0.5377630595021899,0.59264501655806,0,0,0,0
2026-10-08T19:12:04Z,PL,2026,3.0,Everton FC,Manchester United FC,2026-09-06T13:00:00Z,half_walkforward_v1,resolved,30.3,26.7,42.9,55.6,59.4,False,0.4629947223909194,0.5907372400756143,0.8663666415101293,1.0055856532481948,2,2,0,0
2026-10-08T19:12:04Z,PL,2026,3.0,Arsenal FC,Chelsea FC,2026-09-06T15:30:00Z,half_walkforward_v1,resolved,62.9,22.6,14.5,55.2,51.6,False,1.0811262309175518,0.3436353784538205,0.933458052269396,0.5299245087284521,2,1,1,1
2026-10-08T19:12:05Z,PL,2026,4.0,Crystal Palace FC,Ipswich Town FC,2026-09-12T14:00:00Z,half_walkforward_v1,resolved,40.1,25.4,34.6,62.4,65.0,True,0.48618012422360235,0.7336956521739131,1.230412780699272,0.8176802489368767,2,3,1,2
2026-10-08T19:12:05Z,PL,2026,4.0,Liverpool FC,Fulham FC,2026-09-12T14:00:00Z,half_walkforward_v1,resolved,60.3,24.5,15.2,49.5,48.0,False,1.0313529570618418,0.18431001890359167,0.819515102118741,0.6591071083993764,0,0,0,0
2026-10-08T19:12:05Z,PL,2026,4.0,Aston Villa FC,Nottingham Forest FC,2026-09-12T14:00:00Z,half_walkforward_v1,resolved,40.5,26.7,32.8,56.5,60.4,False,0.7380772346745882,0.5869565217391305,0.8058779069460864,0.7987709172503307,1,2,0,0
2026-10-08T19:12:05Z,PL,2026,4.0,AFC Bournemouth,Brentford FC,2026-09-12T14:00:00Z,half_walkforward_v1,resolved,48.8,27.8,23.4,47.6,51.6,False,0.6565217391304349,0.4017013232514177,0.9081346964399026,0.5981828055090999,2,2,1,1
2026-10-08T19:12:05Z,PL,2026,4.0,Chelsea FC,Hull City AFC,2026-09-12T14:00:00Z,half_walkforward_v1,resolved,30.6,29.8,39.6,44.1,50.7,True,0.5902173913043477,0.375,0.5378844114528102,0.9605217069957261,2,2,1,2
2026-10-08T19:12:05Z,PL,2026,4.0,Tottenham Hotspur FC,Everton FC,2026-09-12T16:30:00Z,half_walkforward_v1,resolved,23.2,29.1,47.6,42.7,47.8,False,0.3931220612847061,0.6883282522474452,0.5458823871140023,0.7584663658244127,0,0,0,0
2026-10-08T19:12:05Z,PL,2026,4.0,Sunderland AFC,Arsenal FC,2026-09-12T19:00:00Z,half_walkforward_v1,resolved,21.7,31.8,46.6,33.5,40.1,False,0.22141627764712962,0.48150226427636633,0.583189830942461,0.7837838445789495,0,2,0,0
2026-10-08T19:12:05Z,PL,2026,4.0,Coventry City FC,Brighton & Hove Albion FC,2026-09-13T13:00:00Z,half_walkforward_v1,resolved,33.0,30.9,36.1,40.8,48.3,True,0.6223803565842977,0.31013450109477636,0.504848295276822,0.912343564666132,0,5,0,1
2026-10-08T19:12:05Z,PL,2026,4.0,Manchester United FC,Manchester City FC,2026-09-13T15:30:00Z,half_walkforward_v1,resolved,33.7,24.4,41.8,66.1,67.7,False,0.34931729059539296,0.6240387937931886,1.2885550490915303,1.1545801782540668,0,1,0,0
2026-10-08T19:12:05Z,PL,2026,4.0,Leeds United FC,Newcastle United FC,2026-09-14T19:00:00Z,half_walkforward_v1,resolved,44.0,31.3,24.7,36.8,43.8,False,0.5741636393591105,0.38092348372011575,0.6984061966066384,0.4309629265663752,4,1,3,0
2026-10-08T19:12:05Z,PL,2026,5.0,Brentford FC,Chelsea FC,2026-09-18T19:00:00Z,half_walkforward_v1,resolved,42.6,25.7,31.7,60.3,63.1,False,0.8596808721355436,0.6961889598849017,0.8147446153316817,0.7445052444521497,3,0,0,0
2026-10-08T19:12:05Z,PL,2026,5.0,Tottenham Hotspur FC,Aston Villa FC,2026-09-19T11:30:00Z,half_walkforward_v1,resolved,27.2,29.0,43.9,45.8,51.4,False,0.5279570284738381,0.5762223155642611,0.534736259614432,0.8267269053408737,2,3,0,1
2026-10-08T19:12:05Z,PL,2026,5.0,Everton FC,Ipswich Town FC,2026-09-19T14:00:00Z,half_walkforward_v1,resolved,44.3,21.7,34.1,77.7,76.4,True,0.6411235165984612,0.9350833854958418,1.6141858850587127,0.962346466832264,1,0,1,0
2026-10-08T19:12:05Z,PL,2026,5.0,Brighton & Hove Albion FC,Arsenal FC,2026-09-19T14:00:00Z,half_walkforward_v1,resolved,25.8,31.2,43.0,37.7,44.8,False,0.3856886545056047,0.630491035500313,0.5345417333346836,0.6130022448987367,3,0,2,0
2026-10-08T19:12:05Z,PL,2026,5.0,Newcastle United FC,Hull City AFC,2026-09-19T14:00:00Z,half_walkforward_v1,resolved,35.4,25.0,39.7,64.2,66.3,True,0.7431144153470391,0.7857909326656533,0.8577993703388649,0.8790399287829608,2,1,2,0
2026-10-08T19:12:05Z,PL,2026,5.0,Nottingham Forest FC,Coventry City FC,2026-09-19T16:30:00Z,half_walkforward_v1,resolved,45.4,33.7,20.9,28.1,35.4,True,0.6128231346229767,0.23741176470588235,0.5078562834224599,0.45505882352941157,0,1,0,0
2026-10-08T19:12:05Z,PL,2026,5.0,AFC Bournemouth,Liverpool FC,2026-09-20T13:00:00Z,half_walkforward_v1,resolved,42.8,26.1,31.1,58.3,61.5,False,0.6432008578315531,0.28126245681636997,1.0102474458493385,1.1465475661476852,0,1,0,0
2026-10-08T19:12:05Z,PL,2026,5.0,Leeds United FC,Crystal Palace FC,2026-09-20T13:00:00Z,half_walkforward_v1,resolved,48.4,27.2,24.4,50.3,53.9,False,0.9052604215899425,0.37884500398618126,0.7153551636523687,0.6445507610358638,0,0,0,0
2026-10-08T19:12:05Z,PL,2026,5.0,Manchester City FC,Sunderland AFC,2026-09-20T13:00:00Z,half_walkforward_v1,resolved,72.1,19.6,8.3,51.3,40.5,False,1.3070361486592939,0.22200538134467182,0.8622538378947929,0.36659548947036863,5,3,3,2
2026-10-08T19:12:05Z,PL,2026,5.0,Fulham FC,Manchester United FC,2026-09-20T15:30:00Z,half_walkforward_v1,resolved,37.3,26.5,36.2,57.9,61.6,False,0.5546541636657915,0.4565141099165632,0.9703292088090817,1.053486790986791,1,1,0,0
2026-10-08T19:12:06Z,PD,2026,1.0,Deportivo Alavés,Getafe CF,2026-08-15T17:30:00Z,half_walkforward_v1,resolved,36.6,33.9,29.5,31.0,40.0,False,0.5981953116140837,0.2402131361461505,0.4631675412872357,0.6645104623077549,3,0,0,0
2026-10-08T19:12:06Z,PD,2026,1.0,Sevilla FC,Rayo Vallecano de Madrid,2026-08-15T19:30:00Z,half_walkforward_v1,resolved,39.7,30.5,29.8,41.3,48.5,False,0.6882835369844776,0.5201486952560681,0.596046382992247,0.5385633928897369,2,1,0,1
2026-10-08T19:12:06Z,PD,2026,1.0,RCD Espanyol de Barcelona,Levante UD,2026-08-16T17:00:00Z,half_walkforward_v1,resolved,36.2,29.6,34.2,45.6,52.2,False,0.34412645527053315,0.5609441785290933,0.960362643390781,0.6687163794042619,3,0,2,0
2026-10-08T19:12:06Z,PD,2026,2.0,Rayo Vallecano de Madrid,Deportivo Alavés,2026-08-20T19:00:00Z,half_walkforward_v1,resolved,49.3,30.7,19.9,35.1,40.6,False,0.5508998467921641,0.2357272231203723,0.7910199133836889,0.5357219663842615,1,1,0,0
2026-10-08T19:12:06Z,PD,2026,2.0,Real Betis Balompié,Real Sociedad de Fútbol,2026-08-21T19:00:00Z,half_walkforward_v1,resolved,52.9,25.7,21.4,53.3,54.9,False,0.9310798379678193,0.8366279857459286,0.842755827681832,0.28841746852002254,1,0,0,0
2026-10-08T19:12:06Z,PD,2026,2.0,Athletic Club,Sevilla FC,2026-08-22T15:00:00Z,half_walkforward_v1,resolved,41.2,29.1,29.7,46.5,52.5,False,0.7000682743356789,0.34706009462393217,0.6960970730300627,0.8157711208282603,1,3,0,1
2026-10-08T19:12:06Z,PD,2026,2.0,Valencia CF,RC Celta de Vigo,2026-08-22T17:30:00Z,half_walkforward_v1,resolved,27.5,30.1,42.4,42.0,48.6,False,0.23734436726721966,0.19928248260878803,0.7739286340266417,1.2734959952410292,0,0,0,0
2026-10-08T19:12:06Z,PD,2026,2.0,RCD Espanyol de Barcelona,Real Madrid CF,2026-08-22T19:30:00Z,half_walkforward_v1,resolved,17.4,26.0,56.6,47.4,48.3,False,0.29508563126219944,0.7496916599468585,0.5615080571602311,0.962626938279112,1,2,1,1
2026-10-08T19:12:06Z,PD,2026,2.0,Club Atlético de Madrid,Villarreal CF,2026-08-23T15:00:00Z,half_walkforward_v1,resolved,56.0,24.7,19.3,54.6,54.7,False,0.7182583202375751,0.6578734759493707,1.1270193022328743,0.39231467999563685,2,2,0,0
2026-10-08T19:12:07Z,PD,2026,2.0,Getafe CF,Real Racing Club de Santander,2026-08-23T17:30:00Z,half_walkforward_v1,resolved,37.0,34.2,28.8,30.0,39.0,True,0.4551252319109461,0.2461734693877551,0.5776901669758813,0.6334647495361782,1,0,0,0
2026-10-08T19:12:07Z,PD,2026,2.0,Elche CF,FC Barcelona,2026-08-23T19:30:00Z,half_walkforward_v1,resolved,30.5,25.6,43.9,60.2,62.8,False,0.6428606896015724,0.841442691824371,0.7304450512297176,0.878097989104564,0,5,0,2
2026-10-08T19:12:07Z,PD,2026,2.0,CA Osasuna,Levante UD,2026-08-24T17:30:00Z,half_walkforward_v1,resolved,51.7,25.0,23.3,57.8,59.0,False,0.8055501475681262,0.4090357872794846,1.0133983391127446,0.7615567504664834,0,0,0,0
2026-10-08T19:12:07Z,PD,2026,2.0,Málaga CF,RC Deportivo La Coruña,2026-08-24T19:30:00Z,half_walkforward_v1,resolved,46.4,27.6,26.1,50.3,54.5,True,0.6658227848101266,0.47341772151898737,0.8987341772151899,0.6481012658227848,1,1,1,1
2026-10-08T19:12:07Z,PD,2026,1.0,Valencia CF,Real Betis Balompié,2026-08-25T19:00:00Z,half_walkforward_v1,resolved,36.5,28.5,35.0,49.8,55.5,False,0.3112648221343874,0.23538046345211422,1.0172365670848662,1.1483560905497658,0,1,0,0
2026-10-08T19:12:07Z,PD,2026,1.0,Real Madrid CF,Real Sociedad de Fútbol,2026-08-26T19:00:00Z,half_walkforward_v1,resolved,67.7,20.1,12.2,60.1,52.7,False,1.0455444519969965,0.3846527769981192,1.204208595025515,0.4718347341143844,4,1,1,1
2026-10-08T19:12:07Z,PD,2026,1.0,RC Celta de Vigo,CA Osasuna,2026-08-27T18:30:00Z,half_walkforward_v1,resolved,45.2,30.1,24.7,40.7,46.8,False,0.47767817333980056,0.43366305158219265,0.8912933474798155,0.5129318772852589,1,2,1,0
2026-10-08T19:12:07Z,PD,2026,1.0,FC Barcelona,Athletic Club,2026-08-27T19:00:00Z,half_walkforward_v1,resolved,88.1,8.8,3.1,76.0,43.9,False,1.43801652892562,0.30495142815716975,1.9340858147492561,0.28295498630426863,2,0,1,0
2026-10-08T19:12:07Z,PD,2026,3.0,Real Racing Club de Santander,Elche CF,2026-08-28T17:00:00Z,half_walkforward_v1,resolved,55.3,23.2,21.5,63.0,62.1,True,1.1733432055039896,0.8189971532091098,0.8377989130434782,0.4220380434782609,3,2,3,0
2026-10-08T19:12:07Z,PD,2026,3.0,Deportivo Alavés,Villarreal CF,2026-08-28T19:30:00Z,half_walkforward_v1,resolved,34.1,27.7,38.1,52.7,57.6,False,0.6069857729535527,0.4107499252788205,0.7402990948207776,0.9886438742391067,1,0,1,0
2026-10-08T19:12:07Z,PD,2026,3.0,Levante UD,Real Betis Balompié,2026-08-29T15:00:00Z,half_walkforward_v1,resolved,29.6,26.5,43.8,56.1,59.7,False,0.5294634240956297,0.6743702436434429,0.7721349131997537,0.919798411513375,5,2,2,2
2026-10-08T19:12:08Z,PD,2026,3.0,Real Sociedad de Fútbol,RCD Espanyol de Barcelona,2026-08-29T17:00:00Z,half_walkforward_v1,resolved,45.3,23.5,31.2,69.0,69.5,False,0.6372522882786811,0.5661991276752297,1.341288873469979,1.023893422113667,2,1,1,1
2026-10-08T19:12:08Z,PD,2026,3.0,Sevilla FC,Club Atlético de Madrid,2026-08-29T19:30:00Z,half_walkforward_v1,resolved,32.2,28.9,38.9,47.8,53.8,False,0.5739627041091923,0.7970729138131204,0.6498135215965002,0.5667586436304801,1,3,0,3
2026-10-08T19:12:08Z,PD,2026,3.0,Real Madrid CF,Málaga CF,2026-08-30T15:00:00Z,half_walkforward_v1,resolved,76.6,16.2,7.2,61.1,45.2,True,0.7509661835748793,0.2753623188405797,1.7434410999628391,0.3891304347826087,4,0,3,0
2026-10-08T19:12:08Z,PD,2026,3.0,RC Deportivo La Coruña,Valencia CF,2026-08-30T17:30:00Z,half_walkforward_v1,resolved,48.3,28.3,23.4,45.8,50.2,True,0.8143210191402025,0.2877575011195701,0.7055810568741603,0.7210497835497834,3,1,2,1
2026-10-08T19:12:08Z,PD,2026,3.0,RC Celta de Vigo,Athletic Club,2026-08-30T19:30:00Z,half_walkforward_v1,resolved,47.0,25.0,28.1,61.6,63.4,False,0.708188844538622,0.49845196807119563,1.1054787979700436,0.8764991502753059,0,2,0,2
2026-10-08T19:12:08Z,PD,2026,3.0,CA Osasuna,Getafe CF,2026-08-31T17:30:00Z,half_walkforward_v1,resolved,46.2,31.6,22.1,34.2,40.9,False,0.6152074373258053,0.27462521354993275,0.6574261766437648,0.5252349848093856,1,0,1,0
2026-10-08T19:12:08Z,PD,2026,3.0,FC Barcelona,Rayo Vallecano de Madrid,2026-08-31T19:30:00Z,half_walkforward_v1,resolved,83.7,12.5,3.8,62.1,36.2,False,1.33225211567704,0.3332634445265649,1.40069771318998,0.17370296815378142,5,2,2,1
2026-10-08T19:12:08Z,PD,2026,6.0,Real Sociedad de Fútbol,RC Celta de Vigo,2026-09-03T19:00:00Z,half_walkforward_v1,resolved,29.2,26.6,44.2,55.8,59.4,False,0.5188409067053305,0.5419658808589493,0.7683049779458097,1.0586070470872242,0,0,0,0
2026-10-08T19:12:08Z,PD,2026,4.0,Real Betis Balompié,Real Madrid CF,2026-09-04T19:00:00Z,half_walkforward_v1,resolved,30.1,28.8,41.1,47.7,53.4,False,0.5806513122568608,0.9322527114065768,0.5966292577252487,0.44916343154065375,1,0,0,0
2026-10-08T19:12:08Z,PD,2026,4.0,Athletic Club,Club Atlético de Madrid,2026-09-05T14:15:00Z,half_walkforward_v1,resolved,28.7,29.6,41.7,44.1,50.5,False,0.4678248452002409,0.754462961198711,0.6175677411770425,0.5482294467046346,3,0,0,0
2026-10-08T19:12:08Z,PD,2026,4.0,Rayo Vallecano de Madrid,Real Racing Club de Santander,2026-09-05T16:30:00Z,half_walkforward_v1,resolved,47.9,33.5,18.6,27.1,33.5,True,0.39288346141699126,0.2101800189493631,0.7906185694162247,0.4207548162964523,3,2,2,2
2026-10-08T19:12:08Z,PD,2026,4.0,Villarreal CF,RC Deportivo La Coruña,2026-09-05T19:00:00Z,half_walkforward_v1,resolved,63.5,21.4,15.2,61.3,56.6,True,1.522622891499193,0.486221314376733,0.7742094861660078,0.4738142292490118,2,3,1,1
2026-10-08T19:12:09Z,PD,2026,4.0,Valencia CF,FC Barcelona,2026-09-06T14:15:00Z,half_walkforward_v1,resolved,19.1,23.0,57.9,61.2,59.5,False,0.2991133106032061,0.41579589991476895,0.7287908154356556,1.6164325285331047,0,5,0,2
2026-10-08T19:12:09Z,PD,2026,4.0,Deportivo Alavés,CA Osasuna,2026-09-06T16:30:00Z,half_walkforward_v1,resolved,43.9,32.1,24.0,34.0,41.3,False,0.5118056930753584,0.2062051200078694,0.7010742405239687,0.6452960300721506,5,2,2,0
2026-10-08T19:12:09Z,PD,2026,4.0,Málaga CF,Levante UD,2026-09-06T16:30:00Z,half_walkforward_v1,resolved,49.0,28.0,23.0,46.3,50.5,True,0.7458432614991003,0.549650028280543,0.7720102163461539,0.43517127403846156,0,0,0,0
2026-10-08T19:12:09Z,PD,2026,4.0,RCD Espanyol de Barcelona,Sevilla FC,2026-09-06T19:00:00Z,half_walkforward_v1,resolved,37.0,28.1,34.9,51.1,56.4,False,0.5561877948752147,0.47300403414954495,0.813963891576401,0.8489508375203552,1,1,0,0
2026-10-08T19:12:09Z,PD,2026,4.0,Getafe CF,RC Celta de Vigo,2026-09-07T17:00:00Z,half_walkforward_v1,resolved,25.4,38.7,35.9,19.7,29.2,False,0.2939848919976325,0.17190519111729644,0.3766508333417753,0.7416255442949437,1,1,1,0
2026-10-08T19:12:09Z,PD,2026,4.0,Elche CF,Real Sociedad de Fútbol,2026-09-07T19:30:00Z,half_walkforward_v1,resolved,45.8,27.4,26.8,51.5,55.6,False,0.5883993271221531,0.6252466203872854,0.9895463912879595,0.5424470273429443,2,3,0,2
2026-10-08T19:12:09Z,PD,2026,5.0,Sevilla FC,Valencia CF,2026-09-11T19:00:00Z,half_walkforward_v1,resolved,41.2,28.4,30.5,49.4,54.8,False,0.6717815874327285,0.5422047180408596,0.7700473785401425,0.6619885290168943,1,0,0,0
2026-10-08T19:12:09Z,PD,2026,5.0,Real Racing Club de Santander,Deportivo Alavés,2026-09-12T12:00:00Z,half_walkforward_v1,resolved,51.3,23.8,24.9,63.9,64.2,True,1.3511759621768895,0.5223737093860468,0.5664949515763446,0.7925146361862281,2,1,1,1
2026-10-08T19:12:09Z,PD,2026,5.0,CA Osasuna,RCD Espanyol de Barcelona,2026-09-12T14:15:00Z,half_walkforward_v1,resolved,46.0,27.3,26.7,51.6,55.7,False,0.6724151406222826,0.3318602608963789,0.8881165217069261,0.8551132756525369,0,2,0,2
2026-10-08T19:12:09Z,PD,2026,5.0,Athletic Club,Elche CF,2026-09-12T16:30:00Z,half_walkforward_v1,resolved,48.0,27.6,24.5,49.2,53.2,False,0.6456402069822565,0.38673902709442987,0.9245207862079964,0.6835836339252681,1,1,0,0
2026-10-08T19:12:09Z,PD,2026,5.0,Real Madrid CF,Rayo Vallecano de Madrid,2026-09-12T19:00:00Z,half_walkforward_v1,resolved,76.4,15.9,7.6,64.2,48.6,False,1.1993504901960783,0.37327227382180933,1.383782722290305,0.3522414350355528,4,1,3,0
2026-10-08T19:12:09Z,PD,2026,5.0,RC Celta de Vigo,Málaga CF,2026-09-13T12:00:00Z,half_walkforward_v1,resolved,61.6,23.2,15.2,54.2,51.5,True,0.9255522863206638,0.38679577464788734,1.0380414304005854,0.4982394366197183,1,1,1,0
2026-10-08T19:12:10Z,PD,2026,5.0,Levante UD,FC Barcelona,2026-09-13T14:15:00Z,half_walkforward_v1,resolved,14.5,17.5,68.0,76.1,67.5,False,0.596029725603664,1.45267038359847,0.6412816691505216,1.2966071775694017,2,4,0,2
2026-10-08T19:12:10Z,PD,2026,5.0,Getafe CF,RC Deportivo La Coruña,2026-09-13T16:30:00Z,half_walkforward_v1,resolved,31.2,32.5,36.3,35.5,43.9,True,0.5454560859302733,0.3222033669959103,0.4691935428691026,0.7583170962808012,1,1,0,0
2026-10-08T19:12:10Z,PD,2026,5.0,Real Sociedad de Fútbol,Club Atlético de Madrid,2026-09-13T19:00:00Z,half_walkforward_v1,resolved,40.1,25.0,34.9,64.0,66.2,False,0.6088478145858692,1.074455362962472,1.1134121999134885,0.5554452853800874,0,3,0,0
2026-10-08T19:12:10Z,PD,2026,5.0,Villarreal CF,Real Betis Balompié,2026-09-14T19:00:00Z,half_walkforward_v1,resolved,62.2,20.0,17.8,71.3,66.2,False,1.4067544611891212,0.4361463260158745,1.0331732823950048,0.8389142818932337,1,2,1,2
2026-10-08T19:12:10Z,PD,2026,6.0,Rayo Vallecano de Madrid,RCD Espanyol de Barcelona,2026-09-15T17:00:00Z,half_walkforward_v1,resolved,45.5,30.2,24.3,39.9,46.0,False,0.5021549513076692,0.3421718547082097,0.8547555582797138,0.584975766032813,2,1,2,0
2026-10-08T19:12:10Z,PD,2026,6.0,Deportivo Alavés,Valencia CF,2026-09-15T18:00:00Z,half_walkforward_v1,resolved,50.8,26.7,22.5,50.6,53.5,False,0.7929804804804806,0.2396493544600939,0.8715134593356241,0.8181959219858156,0,1,0,0
2026-10-08T19:12:10Z,PD,2026,6.0,Elche CF,Real Madrid CF,2026-09-15T19:30:00Z,half_walkforward_v1,resolved,21.6,26.0,52.4,52.2,54.3,False,0.36627321334758545,0.7906397090093379,0.6741171341158544,0.9310626928524345,2,3,0,2
2026-10-08T19:12:10Z,PD,2026,6.0,RC Deportivo La Coruña,Sevilla FC,2026-09-16T17:00:00Z,half_walkforward_v1,resolved,54.1,24.2,21.8,59.6,59.7,True,1.1742939656246107,0.396728021291037,0.7778663988341408,0.7533036931265009,0,1,0,0
2026-10-08T19:12:10Z,PD,2026,6.0,Club Atlético de Madrid,CA Osasuna,2026-09-16T17:00:00Z,half_walkforward_v1,resolved,65.7,22.7,11.6,48.6,43.7,False,0.6094742495952172,0.3013451465544958,1.3459497305263435,0.37704537034032154,4,0,1,0
2026-10-08T19:12:10Z,PD,2026,6.0,FC Barcelona,Real Racing Club de Santander,2026-09-16T19:30:00Z,half_walkforward_v1,resolved,85.9,10.3,3.8,72.6,44.2,True,1.5850961835480186,0.4985730922409502,1.5962715740286821,0.1740252293577982,7,2,4,1
2026-10-08T19:12:10Z,PD,2026,6.0,Real Betis Balompié,Getafe CF,2026-09-17T17:00:00Z,half_walkforward_v1,resolved,54.7,30.3,15.0,31.2,34.4,False,0.6759927814987418,0.406932217066418,0.6956527959161921,0.18404347448254774,1,0,1,0
2026-10-08T19:12:10Z,PD,2026,6.0,Málaga CF,Villarreal CF,2026-09-17T19:30:00Z,half_walkforward_v1,resolved,35.9,33.1,31.0,33.5,42.2,True,0.5720809217091534,0.5823957382039573,0.497095890410959,0.40701369863013687,1,3,1,2
2026-10-08T19:12:11Z,PD,2026,7.0,RCD Espanyol de Barcelona,Elche CF,2026-09-18T19:00:00Z,half_walkforward_v1,resolved,44.1,28.4,27.5,48.1,53.2,False,0.5407429125600487,0.45592877891789096,0.9334743701249395,0.6625653425190288,1,3,0,2
2026-10-08T19:12:11Z,PD,2026,7.0,CA Osasuna,Rayo Vallecano de Madrid,2026-09-19T12:00:00Z,half_walkforward_v1,resolved,51.6,26.8,21.6,49.5,52.3,False,0.884239795979598,0.46,0.7864214426379667,0.5253365656565657,1,1,1,0
2026-10-08T19:12:11Z,PD,2026,7.0,Athletic Club,Deportivo Alavés,2026-09-19T14:15:00Z,half_walkforward_v1,resolved,41.7,30.6,27.6,40.3,47.3,False,0.4688269781596849,0.3330284477427335,0.8279744341061362,0.6838264717651767,0,0,0,0
2026-10-08T19:12:11Z,PD,2026,7.0,RC Celta de Vigo,Real Racing Club de Santander,2026-09-19T16:30:00Z,half_walkforward_v1,resolved,54.6,20.9,24.4,75.3,72.6,True,1.255477494641581,0.9324097079391197,1.1247898074168634,0.6329562594268476,5,0,2,0
2026-10-08T19:12:11Z,PD,2026,7.0,Sevilla FC,FC Barcelona,2026-09-19T19:00:00Z,half_walkforward_v1,resolved,13.7,18.7,67.6,69.4,61.4,False,0.5238918249015182,1.2221766960804432,0.553930257336343,1.287473023659072,1,3,1,1
2026-10-08T19:12:11Z,PD,2026,7.0,Getafe CF,Málaga CF,2026-09-20T12:00:00Z,half_walkforward_v1,resolved,53.1,31.9,15.0,27.6,31.7,True,0.6485874636851835,0.10986486486486491,0.620454054054054,0.4817298226061114,1,0,0,0
2026-10-08T19:12:11Z,PD,2026,7.0,Club Atlético de Madrid,Real Madrid CF,2026-09-20T14:15:00Z,half_walkforward_v1,resolved,40.2,28.1,31.8,50.9,56.0,False,0.4639018087325696,0.6474265737963293,0.9995696959847573,0.6158496189042049,2,1,0,0
2026-10-08T19:12:11Z,PD,2026,7.0,RC Deportivo La Coruña,Real Betis Balompié,2026-09-20T16:30:00Z,half_walkforward_v1,resolved,40.8,28.0,31.1,50.9,56.0,True,0.8861864419158353,0.48463290248834967,0.5943972152058368,0.7654925568728627,1,1,0,1
2026-10-08T19:12:11Z,PD,2026,7.0,Villarreal CF,Levante UD,2026-09-20T16:30:00Z,half_walkforward_v1,resolved,67.8,19.3,12.9,65.1,57.2,False,1.247263222856809,0.4051476675527058,1.0807126205921953,0.5674918606794028,3,1,1,1
2026-10-08T19:12:11Z,PD,2026,7.0,Valencia CF,Real Sociedad de Fútbol,2026-09-20T19:00:00Z,half_walkforward_v1,resolved,35.8,28.5,35.7,49.7,55.4,False,0.2804454545454545,0.37317323830877636,1.0787603448275862,0.8549090019569471,2,3,0,1
2026-10-08T19:12:11Z,SA,2026,1.0,Udinese Calcio,Como 1907,2026-08-22T16:30:00Z,half_walkforward_v1,resolved,14.8,28.8,56.4,35.0,37.1,False,0.2781376518218623,0.4423366310977021,0.3518756585424836,1.0554569081021783,1,1,1,0
2026-10-08T19:12:11Z,SA,2026,1.0,Genoa CFC,SSC Napoli,2026-08-22T18:45:00Z,half_walkforward_v1,resolved,21.6,28.5,50.0,43.4,47.7,False,0.31366593108620716,0.9845379579434791,0.6026794599974039,0.5525166370992167,0,2,0,0
2026-10-08T19:12:11Z,SA,2026,1.0,Parma Calcio 1913,Cagliari Calcio,2026-08-22T18:45:00Z,half_walkforward_v1,resolved,33.6,32.0,34.4,37.2,45.4,False,0.34109607669817094,0.4068891757492424,0.7514988224531299,0.6942356453636797,0,1,0,0
2026-10-08T19:12:12Z,SA,2026,1.0,Atalanta BC,US Sassuolo Calcio,2026-08-23T18:45:00Z,half_walkforward_v1,resolved,46.9,31.2,21.9,35.4,41.7,False,0.6022062017116186,0.20325913271595897,0.6992324326638976,0.61760757529578,2,1,1,0
2026-10-08T19:12:12Z,SA,2026,1.0,Torino FC,AC Milan,2026-08-23T18:45:00Z,half_walkforward_v1,resolved,16.9,24.7,58.4,51.2,50.7,False,0.446893332762386,0.7455601331509307,0.4489225153085257,1.0612633847269903,1,2,0,0
2026-10-08T19:12:12Z,SA,2026,1.0,Bologna FC 1909,SS Lazio,2026-08-24T16:30:00Z,half_walkforward_v1,resolved,26.9,38.8,34.4,19.7,29.5,False,0.21746801543464248,0.2646517087214073,0.49100747952918483,0.5588603554782365,0,1,0,0
2026-10-08T19:12:12Z,SA,2026,1.0,AS Roma,ACF Fiorentina,2026-08-24T18:45:00Z,half_walkforward_v1,resolved,69.9,21.3,8.8,46.5,38.0,False,0.6325941878812783,0.19767527739231655,1.3382413610680803,0.3628944970379886,4,0,1,0
2026-10-08T19:12:12Z,SA,2026,2.0,AC Milan,Venezia FC,2026-08-28T18:45:00Z,half_walkforward_v1,resolved,39.8,29.9,30.2,43.6,50.3,True,0.5286713286713286,0.5209790209790209,0.7814685314685316,0.5905594405594405,2,0,0,0
2026-10-08T19:12:12Z,SA,2026,2.0,ACF Fiorentina,Frosinone Calcio,2026-08-29T16:30:00Z,half_walkforward_v1,resolved,34.7,31.5,33.8,38.8,46.7,True,0.43757265752150665,0.5662636596140432,0.6910020925366194,0.5448732852824925,0,3,0,2
2026-10-08T19:12:12Z,SA,2026,2.0,AC Monza,Udinese Calcio,2026-08-29T16:30:00Z,half_walkforward_v1,resolved,36.5,27.8,35.7,52.7,57.7,True,0.6648453847942339,0.5662636596140432,0.7364566379911647,0.8176005580097652,2,3,1,3
2026-10-08T19:12:12Z,SA,2026,2.0,US Sassuolo Calcio,Torino FC,2026-08-29T16:30:00Z,half_walkforward_v1,resolved,52.2,25.7,22.1,54.2,55.9,False,1.1091583173245838,0.4244339527137897,0.7135727361766683,0.6102305748318305,2,1,1,1
2026-10-08T19:12:12Z,SA,2026,2.0,Juventus FC,Parma Calcio 1913,2026-08-29T18:45:00Z,half_walkforward_v1,resolved,61.5,27.0,11.5,35.0,33.9,False,0.5130541971387448,0.2829263244501559,1.0587151484280568,0.25246473646335205,2,0,0,0
2026-10-08T19:12:12Z,SA,2026,2.0,SSC Napoli,Como 1907,2026-08-30T16:30:00Z,half_walkforward_v1,resolved,30.0,30.5,39.5,41.4,48.6,False,0.52309162170364,0.47196197936822204,0.5535460420407284,0.7900596926463741,1,2,1,2
2026-10-08T19:12:12Z,SA,2026,2.0,SS Lazio,Genoa CFC,2026-08-30T18:45:00Z,half_walkforward_v1,resolved,42.6,28.7,28.8,47.7,53.2,False,0.6549833575035382,0.6084710743801653,0.7838570914048036,0.5293417326475177,1,0,1,0
2026-10-08T19:12:12Z,SA,2026,2.0,Cagliari Calcio,FC Internazionale Milano,2026-08-30T18:45:00Z,half_walkforward_v1,resolved,16.2,22.9,60.9,56.8,54.2,False,0.42991128369996334,0.9266528925619835,0.5217372992943837,1.0820435762584526,0,1,0,1
2026-10-08T19:12:12Z,SA,2026,2.0,US Lecce,AS Roma,2026-08-31T16:30:00Z,half_walkforward_v1,resolved,16.2,29.2,54.6,35.8,38.8,False,0.3491069327353018,0.5692148760330579,0.28341212252509607,0.8497508202167867,0,4,0,3
2026-10-08T19:12:12Z,SA,2026,2.0,Atalanta BC,Bologna FC 1909,2026-08-31T18:45:00Z,half_walkforward_v1,resolved,39.1,30.2,30.7,42.9,49.8,False,0.46041383927539536,0.45548850406452873,0.7978219968240965,0.6491796822026443,1,0,0,0
2026-10-08T19:12:12Z,SA,2026,3.0,Genoa CFC,Como 1907,2026-09-04T18:45:00Z,half_walkforward_v1,resolved,13.6,24.6,61.8,46.3,44.2,False,0.3104683306494901,0.7037244403788205,0.4094106114750844,1.0947354274251764,1,4,1,3
2026-10-08T19:12:12Z,SA,2026,3.0,ACF Fiorentina,Torino FC,2026-09-05T13:00:00Z,half_walkforward_v1,resolved,47.8,28.8,23.4,43.8,48.8,False,0.6596818651758136,0.40487071316130807,0.7956577146098164,0.5234609330869856,1,2,0,0
2026-10-08T19:12:13Z,SA,2026,3.0,FC Internazionale Milano,SSC Napoli,2026-09-05T16:00:00Z,half_walkforward_v1,resolved,56.5,24.5,19.0,55.2,55.0,False,0.6525766496500969,0.6192711347591427,1.2376045506513895,0.40956606382078264,3,2,0,0
2026-10-08T19:12:13Z,SA,2026,3.0,AS Roma,Atalanta BC,2026-09-05T18:45:00Z,half_walkforward_v1,resolved,57.9,27.4,14.7,39.0,40.0,False,0.8303001346479609,0.23784366695460324,0.7296141228469417,0.42967219537677953,2,1,0,0
2026-10-08T19:12:13Z,SA,2026,3.0,Frosinone Calcio,Venezia FC,2026-09-06T13:00:00Z,half_walkforward_v1,resolved,39.7,33.8,26.6,30.6,39.2,True,0.30213490099009904,0.4729269801980198,0.7899133663366336,0.3717512376237624,3,2,2,0
2026-10-08T19:12:13Z,SA,2026,3.0,Parma Calcio 1913,AC Monza,2026-09-06T13:00:00Z,half_walkforward_v1,resolved,37.5,29.1,33.4,47.1,53.3,True,0.34937950191532874,0.6225450951775984,1.0149659662493824,0.5863915195867413,1,1,0,1
2026-10-08T19:12:13Z,SA,2026,3.0,Bologna FC 1909,US Sassuolo Calcio,2026-09-06T16:00:00Z,half_walkforward_v1,resolved,30.7,32.2,37.1,36.2,44.4,False,0.3811030968817471,0.27998145894790655,0.6261819400858577,0.866115217576508,2,2,0,1
2026-10-08T19:12:13Z,SA,2026,3.0,Juventus FC,AC Milan,2026-09-06T18:45:00Z,half_walkforward_v1,resolved,36.1,31.8,32.0,37.5,45.6,False,0.47253422632141856,0.4509147775359659,0.6571864699657987,0.5633413100331814,1,1,0,0
2026-10-08T19:12:13Z,SA,2026,3.0,Cagliari Calcio,US Lecce,2026-09-07T16:30:00Z,half_walkforward_v1,resolved,39.5,32.8,27.7,33.7,42.0,False,0.4338414276552996,0.3976073580578775,0.7065463732518031,0.5117154978677552,1,0,1,0
2026-10-08T19:12:13Z,SA,2026,3.0,Udinese Calcio,SS Lazio,2026-09-07T18:45:00Z,half_walkforward_v1,resolved,25.9,40.6,33.5,16.6,26.3,False,0.24669218658546682,0.17557407130911803,0.38119277885146813,0.6294621274192367,1,2,0,0
2026-10-08T19:12:13Z,SA,2026,4.0,Venezia FC,ACF Fiorentina,2026-09-11T18:45:00Z,half_walkforward_v1,resolved,34.8,30.2,34.9,43.1,50.2,True,0.3785790031813361,0.34286850477200426,0.8225344644750797,0.8481845213817643,2,4,1,2
2026-10-08T19:12:13Z,SA,2026,4.0,Genoa CFC,Frosinone Calcio,2026-09-12T13:00:00Z,half_walkforward_v1,resolved,13.4,22.0,64.6,55.2,50.4,True,0.33166058394160586,1.1934568504872003,0.5070711678832117,0.889887193098872,1,1,0,1
2026-10-08T19:12:13Z,SA,2026,4.0,SS Lazio,AC Milan,2026-09-12T16:00:00Z,half_walkforward_v1,resolved,21.0,28.4,50.6,43.3,47.4,False,0.42477305928703263,0.6363297922236294,0.47182820996697533,0.8117523216547066,2,2,2,0
2026-10-08T19:12:13Z,SA,2026,4.0,Atalanta BC,Cagliari Calcio,2026-09-12T18:45:00Z,half_walkforward_v1,resolved,56.6,28.1,15.3,37.7,39.6,False,0.6680694970487807,0.2285802014247114,0.8515942854665813,0.4546255201478552,1,2,1,1
2026-10-08T19:12:13Z,SA,2026,4.0,US Lecce,AC Monza,2026-09-13T13:00:00Z,half_walkforward_v1,resolved,27.9,30.6,41.5,40.4,47.4,True,0.4478564677288685,0.7543724634694812,0.4547759368397643,0.49603024574669186,3,2,3,1
2026-10-08T19:12:14Z,SA,2026,4.0,SSC Napoli,Bologna FC 1909,2026-09-13T16:00:00Z,half_walkforward_v1,resolved,42.9,27.3,29.8,53.4,57.7,False,0.5268064287662881,0.6628623707656534,0.995531464231216,0.6087777579411289,1,0,0,0
2026-10-08T19:12:14Z,SA,2026,4.0,US Sassuolo Calcio,Juventus FC,2026-09-13T18:45:00Z,half_walkforward_v1,resolved,23.9,28.5,47.6,45.3,50.0,False,0.4401606396921617,0.7681665848151206,0.5175214796856253,0.7113716967576198,3,2,0,0
2026-10-08T19:12:14Z,SA,2026,4.0,Torino FC,AS Roma,2026-09-14T16:30:00Z,half_walkforward_v1,resolved,22.7,24.8,52.4,58.0,59.0,False,0.4087101145928023,1.0116811212726862,0.7523757590061858,0.8549212860133891,0,2,0,1
2026-10-08T19:12:14Z,SA,2026,4.0,Como 1907,Parma Calcio 1913,2026-09-14T16:30:00Z,half_walkforward_v1,resolved,64.2,26.0,9.8,34.6,31.5,False,0.5526556797778855,0.19087939432926773,1.0288926477076654,0.2916123545539245,2,1,1,0
2026-10-08T19:12:14Z,SA,2026,4.0,FC Internazionale Milano,Udinese Calcio,2026-09-14T18:45:00Z,half_walkforward_v1,resolved,71.1,16.5,12.4,75.7,65.1,False,1.1258311199464544,0.5269826591012762,1.6492994744598704,0.6298156961054964,5,3,2,2
2026-10-08T19:12:14Z,SA,2026,5.0,AC Monza,US Sassuolo Calcio,2026-09-18T18:45:00Z,half_walkforward_v1,resolved,35.3,26.0,38.7,59.8,63.0,True,0.6355784161490684,0.6955201411960132,0.8694523430391264,0.625892857142857,2,1,0,0
2026-10-08T19:12:14Z,SA,2026,5.0,Bologna FC 1909,Torino FC,2026-09-19T13:00:00Z,half_walkforward_v1,resolved,43.4,29.8,26.7,42.5,48.8,False,0.5391521653068952,0.3208913347695594,0.7988566325823253,0.700179102248892,1,1,1,0
2026-10-08T19:12:14Z,SA,2026,5.0,Udinese Calcio,Cagliari Calcio,2026-09-19T13:00:00Z,half_walkforward_v1,resolved,37.0,32.5,30.5,35.2,43.6,False,0.4949266218286344,0.27647919006671695,0.620740423018331,0.7335977182332976,0,1,0,0
2026-10-08T19:12:14Z,SA,2026,5.0,AS Roma,FC Internazionale Milano,2026-09-19T16:00:00Z,half_walkforward_v1,resolved,44.9,29.9,25.2,41.5,47.6,False,0.5871787786681404,0.33101205458626454,0.7789659910147271,0.6172393823845731,2,2,2,0
2026-10-08T19:12:14Z,SA,2026,5.0,Venezia FC,SS Lazio,2026-09-19T18:45:00Z,half_walkforward_v1,resolved,19.2,30.2,50.6,35.9,40.8,True,0.2670372263611088,0.3195035285944128,0.4788920070058116,1.1118757616809212,0,2,0,0
2026-10-08T19:12:14Z,SA,2026,5.0,ACF Fiorentina,SSC Napoli,2026-09-20T10:30:00Z,half_walkforward_v1,resolved,21.9,29.8,48.3,39.6,44.9,False,0.2640278479059721,0.8727703678370572,0.6151030549350542,0.5746244076095502,1,1,0,1
2026-10-08T19:12:14Z,SA,2026,5.0,Frosinone Calcio,Como 1907,2026-09-20T13:00:00Z,half_walkforward_v1,resolved,17.3,25.1,57.6,50.2,50.2,True,0.5666592516472224,0.6969514866979656,0.3555837739369974,1.0930593872513432,2,0,2,0
2026-10-08T19:12:14Z,SA,2026,5.0,Parma Calcio 1913,Genoa CFC,2026-09-20T13:00:00Z,half_walkforward_v1,resolved,28.3,34.1,37.6,30.3,39.3,False,0.30004004714985194,0.42594010115443054,0.5624343199507014,0.6246329200362793,2,1,1,0
2026-10-08T19:12:14Z,SA,2026,5.0,Juventus FC,Atalanta BC,2026-09-20T16:00:00Z,half_walkforward_v1,resolved,50.5,27.7,21.8,46.5,50.1,False,0.7022474328335595,0.5100399566571854,0.8460283887768688,0.4547655758601303,2,0,1,0
2026-10-08T19:12:14Z,SA,2026,5.0,AC Milan,US Lecce,2026-09-20T18:45:00Z,half_walkforward_v1,resolved,48.8,30.8,20.4,35.2,40.9,False,0.4838513623598928,0.35246240273414176,0.854140237573521,0.41799902747639495,3,0,1,0
2026-10-08T19:12:15Z,BL1,2026,1.0,FC Bayern München,VfB Stuttgart,2026-08-28T18:30:00Z,half_walkforward_v1,resolved,74.5,12.4,13.0,92.6,82.4,False,2.2138428158148504,0.9661497326203208,1.7767588235294118,0.861501423149905,5,1,1,0
2026-10-08T19:12:15Z,BL1,2026,1.0,RB Leipzig,Borussia Mönchengladbach,2026-08-29T13:30:00Z,half_walkforward_v1,resolved,64.8,21.1,14.1,60.2,54.8,False,1.2327825566708766,0.21329927943934462,0.9665153276615807,0.7755684627761863,3,0,1,0
2026-10-08T19:12:15Z,BL1,2026,1.0,1. FC Union Berlin,Eintracht Frankfurt,2026-08-29T13:30:00Z,half_walkforward_v1,resolved,38.6,22.9,38.4,73.1,73.1,False,0.7530070464667952,0.9995114006514659,1.1480696039773701,0.8830383422942586,3,3,1,2
2026-10-08T19:12:15Z,BL1,2026,1.0,1. FC Köln,TSG 1899 Hoffenheim,2026-08-29T13:30:00Z,half_walkforward_v1,resolved,34.1,22.7,43.2,73.5,73.2,False,0.8557213321810808,0.9803826127726778,0.8858738802931597,1.044243161571367,3,2,0,1
2026-10-08T19:12:15Z,BL1,2026,1.0,Borussia Dortmund,Hamburger SV,2026-08-29T16:30:00Z,half_walkforward_v1,resolved,74.2,17.7,8.1,58.5,45.3,False,1.079914562094532,0.21341310275545355,1.265,0.4765455875646092,2,0,2,0
2026-10-08T19:12:15Z,BL1,2026,1.0,SC Freiburg,SV Werder Bremen,2026-08-30T13:30:00Z,half_walkforward_v1,resolved,55.5,24.9,19.6,54.2,54.7,False,0.6856427325840407,0.42974738925182393,1.1576684996313589,0.554333146017755,4,1,2,0
2026-10-08T19:12:15Z,BL1,2026,2.0,VfB Stuttgart,1. FC Köln,2026-09-04T18:30:00Z,half_walkforward_v1,resolved,61.4,23.9,14.7,50.7,48.5,False,0.8867255343082114,0.3462601279317698,0.9952929475587704,0.4750818335208099,4,1,1,0
2026-10-08T19:12:15Z,BL1,2026,2.0,SV Werder Bremen,RB Leipzig,2026-09-05T13:30:00Z,half_walkforward_v1,resolved,21.1,24.8,54.2,56.5,57.1,False,0.3315389985107967,0.9907296193085207,0.7602763035197017,0.8800488024323655,3,1,1,0
2026-10-08T19:12:15Z,BL1,2026,2.0,TSG 1899 Hoffenheim,Borussia Dortmund,2026-09-05T13:30:00Z,half_walkforward_v1,resolved,31.7,27.4,40.8,53.3,57.9,False,0.5384507632166791,0.5416251416965804,0.675934610729733,0.9755978220402085,2,3,1,0
2026-10-08T19:12:15Z,BL1,2026,2.0,Bayer 04 Leverkusen,1. FC Union Berlin,2026-09-05T13:30:00Z,half_walkforward_v1,resolved,66.8,20.3,12.9,60.8,54.0,False,1.222460567138248,0.3233291217960828,1.0380662721717393,0.5456272338049144,4,0,2,0
2026-10-08T19:12:15Z,BL1,2026,2.0,Borussia Mönchengladbach,SV 07 Elversberg,2026-09-05T13:30:00Z,half_walkforward_v1,resolved,37.7,27.1,35.2,55.1,59.5,True,0.6710443037974684,0.7454113924050633,0.8014240506329114,0.6710443037974684,3,4,2,1
2026-10-08T19:12:15Z,BL1,2026,2.0,SC Paderborn 07,SC Freiburg,2026-09-05T13:30:00Z,half_walkforward_v1,resolved,57.3,23.2,19.5,60.7,59.3,True,0.6210443037974683,0.3954113924050633,1.4014240506329114,0.7210443037974683,0,1,0,1
2026-10-08T19:12:15Z,BL1,2026,2.0,FC Schalke 04,FC Bayern München,2026-09-05T16:30:00Z,half_walkforward_v1,resolved,11.1,15.6,73.3,76.7,64.4,True,0.5719626168224299,0.7948598130841121,0.5518691588785047,2.122429906542056,0,0,0,0
2026-10-08T19:12:15Z,BL1,2026,2.0,Hamburger SV,1. FSV Mainz 05,2026-09-06T13:30:00Z,half_walkforward_v1,resolved,39.3,28.5,32.2,49.3,54.9,False,0.6868870029271078,0.8203054722638679,0.7157096273291925,0.4755593618130957,0,5,0,2
2026-10-08T19:12:15Z,BL1,2026,2.0,Eintracht Frankfurt,FC Augsburg,2026-09-06T15:30:00Z,half_walkforward_v1,resolved,48.4,25.0,26.6,60.7,62.3,False,0.651198355930394,0.6050728686853432,1.1449085496546794,0.6796767334540568,1,4,1,0
2026-10-08T19:12:15Z,BL1,2026,3.0,1. FC Union Berlin,FC Schalke 04,2026-09-11T18:30:00Z,half_walkforward_v1,resolved,53.0,24.3,22.6,59.9,60.3,True,0.6771527525344319,0.5320767195767196,1.2490120065120067,0.660383597883598,1,3,0,1
2026-10-08T19:12:15Z,BL1,2026,3.0,TSG 1899 Hoffenheim,VfB Stuttgart,2026-09-12T13:30:00Z,half_walkforward_v1,resolved,44.6,20.9,34.5,80.8,78.9,False,1.3337566492637378,0.7403864866832967,0.9774635706099334,1.283068092219384,2,1,1,0
2026-10-08T19:12:15Z,BL1,2026,3.0,Borussia Dortmund,SC Paderborn 07,2026-09-12T13:30:00Z,half_walkforward_v1,resolved,59.4,25.9,14.7,43.6,43.3,True,0.8720879120879121,0.2821978021978022,0.8217582417582419,0.4464835164835164,3,0,1,0
2026-10-08T19:12:15Z,BL1,2026,3.0,FC Augsburg,Bayer 04 Leverkusen,2026-09-12T13:30:00Z,half_walkforward_v1,resolved,31.6,24.5,43.9,65.0,66.6,False,0.7706713642591506,1.3847406684854675,0.7241491569098931,0.5691589123112581,2,2,0,1
2026-10-08T19:12:15Z,BL1,2026,3.0,1. FSV Mainz 05,Eintracht Frankfurt,2026-09-12T13:30:00Z,half_walkforward_v1,resolved,32.4,24.7,42.9,64.6,66.4,False,0.713237703772055,0.9325138230547384,0.8236998156191846,0.8329672646804963,1,3,0,2
2026-10-08T19:12:15Z,BL1,2026,3.0,SC Freiburg,Borussia Mönchengladbach,2026-09-12T13:30:00Z,half_walkforward_v1,resolved,60.6,23.1,16.3,56.3,53.9,False,1.0060316661407174,0.39296337504381895,0.9774635706099335,0.5324426267810558,5,0,2,0
2026-10-08T19:12:16Z,BL1,2026,3.0,1. FC Köln,SV Werder Bremen,2026-09-12T16:30:00Z,half_walkforward_v1,resolved,48.7,24.8,26.5,61.2,62.7,False,0.58199673580984,0.44973147153598286,1.289272561127572,0.8668878566688786,1,1,1,0
2026-10-08T19:12:16Z,BL1,2026,3.0,RB Leipzig,Hamburger SV,2026-09-13T13:30:00Z,half_walkforward_v1,resolved,73.3,17.8,8.9,60.2,47.9,False,1.0978910002055973,0.17069406097868492,1.2854667820443175,0.5964235735491671,5,0,2,0
2026-10-08T19:12:16Z,BL1,2026,3.0,SV 07 Elversberg,FC Bayern München,2026-09-13T15:30:00Z,half_walkforward_v1,resolved,12.0,15.3,72.8,79.9,68.2,True,0.7441402625904576,0.5674483648881239,0.5240552234296442,2.738531398320555,1,2,0,1
2026-10-08T19:12:16Z,BL1,2026,4.0,FC Bayern München,1. FC Union Berlin,2026-09-18T18:30:00Z,half_walkforward_v1,resolved,89.4,7.3,3.3,86.3,56.4,False,2.260144675439418,0.2946970293909069,1.8315037088741264,0.5290414638240725,7,0,3,0
2026-10-08T19:12:16Z,BL1,2026,4.0,Hamburger SV,1. FC Köln,2026-09-19T13:30:00Z,half_walkforward_v1,resolved,45.7,27.1,27.3,52.8,56.7,False,0.7417098575957327,0.5664218049162446,0.855054987900085,0.6150107357010322,2,1,1,0
2026-10-08T19:12:16Z,BL1,2026,4.0,Borussia Mönchengladbach,1. FSV Mainz 05,2026-09-19T13:30:00Z,half_walkforward_v1,resolved,30.4,26.4,43.2,57.1,60.6,False,0.6640621318387634,0.9674800059744458,0.6819326777515358,0.6999625908392226,3,4,1,2
2026-10-08T19:12:16Z,BL1,2026,4.0,SV Werder Bremen,FC Augsburg,2026-09-19T13:30:00Z,half_walkforward_v1,resolved,30.8,26.6,42.6,56.5,60.1,False,0.4570960120575175,0.7847783538850385,0.8460441921337707,0.8273903735465085,3,2,0,1
2026-10-08T19:12:16Z,BL1,2026,4.0,Eintracht Frankfurt,SC Freiburg,2026-09-19T13:30:00Z,half_walkforward_v1,resolved,47.8,25.4,26.8,59.0,61.2,False,0.43111895456785493,0.38093427657157336,1.4311178717513902,0.9328654138041573,2,2,2,1
2026-10-08T19:12:16Z,BL1,2026,4.0,VfB Stuttgart,Borussia Dortmund,2026-09-19T16:30:00Z,half_walkforward_v1,resolved,35.1,29.7,35.1,45.0,51.7,False,0.4094478542639077,0.4430184173431579,0.8297254994411706,0.8006351775269689,0,1,0,0
2026-10-08T19:12:16Z,BL1,2026,4.0,Bayer 04 Leverkusen,RB Leipzig,2026-09-20T13:30:00Z,half_walkforward_v1,resolved,58.0,22.7,19.3,62.3,60.4,False,1.0082599796363334,0.6363174498150926,1.0658418602372612,0.5169043328120175,2,0,1,0
2026-10-08T19:12:16Z,BL1,2026,4.0,FC Schalke 04,SV 07 Elversberg,2026-09-20T15:30:00Z,half_walkforward_v1,resolved,37.8,25.7,36.5,61.4,64.3,True,0.8332720588235295,0.5415441176470589,0.7665441176470588,1.0290441176470588,0,0,0,0
2026-10-08T19:12:16Z,BL1,2026,4.0,SC Paderborn 07,TSG 1899 Hoffenheim,2026-09-20T17:30:00Z,half_walkforward_v1,resolved,32.8,26.4,40.9,57.8,61.4,True,0.7298910766652702,0.9778978683862616,0.6813992459153749,0.6600335148722245,3,1,2,0
2026-10-08T19:12:16Z,FL1,2026,1.0,Olympique de Marseille,RC Strasbourg Alsace,2026-08-21T18:45:00Z,half_walkforward_v1,resolved,55.7,20.9,23.4,74.3,71.4,False,0.9085640527294239,0.45490882864731197,1.4538503391746749,1.093754098360656,4,0,0,0
2026-10-08T19:12:16Z,FL1,2026,1.0,Racing Club de Lens,AJ Auxerre,2026-08-22T15:15:00Z,half_walkforward_v1,resolved,67.5,21.9,10.6,49.3,42.8,False,0.7581564584596726,0.5317511501807426,1.2225360144057622,0.18533088235294115,5,2,1,0
2026-10-08T19:12:17Z,FL1,2026,1.0,OGC Nice,FC Lorient,2026-08-22T18:45:00Z,half_walkforward_v1,resolved,31.6,30.0,38.4,43.7,50.5,False,0.4641633258164202,0.49006023329026616,0.6776289814835058,0.7874283226368239,0,0,0,0
2026-10-08T19:12:17Z,FL1,2026,1.0,Toulouse FC,Olympique Lyonnais,2026-08-22T18:45:00Z,half_walkforward_v1,resolved,30.4,27.8,41.8,51.5,56.4,False,0.3121505053035997,0.8609261550779758,0.9647262969197473,0.6243466394685071,0,2,0,0
2026-10-08T19:12:17Z,FL1,2026,1.0,Angers SCO,Lille OSC,2026-08-23T13:00:00Z,half_walkforward_v1,resolved,20.8,28.4,50.9,43.2,47.1,False,0.3095882275739878,0.6197447302608073,0.5760799933325447,0.7483067994667085,0,2,0,2
2026-10-08T19:12:17Z,FL1,2026,1.0,Le Havre AC,AS Monaco FC,2026-08-23T15:15:00Z,half_walkforward_v1,resolved,37.1,28.0,34.8,51.6,56.8,False,0.5581142072213503,0.6924107142857143,0.827975543478261,0.5753812148217637,0,1,0,1
2026-10-08T19:12:17Z,FL1,2026,1.0,Stade Rennais FC 1901,Paris Saint-Germain FC,2026-08-23T18:45:00Z,half_walkforward_v1,resolved,28.4,27.6,43.9,51.3,55.9,False,0.4050843548281934,0.740477356448262,0.793458493166786,0.7937486168471908,2,2,2,0
2026-10-08T19:12:17Z,FL1,2026,2.0,Lille OSC,Paris Saint-Germain FC,2026-08-28T18:45:00Z,half_walkforward_v1,resolved,24.1,28.0,47.9,47.3,51.6,False,0.33210295248511806,0.5618250819174909,0.6879793680887561,0.9832546129624502,2,2,1,0
2026-10-08T19:12:17Z,FL1,2026,2.0,RC Strasbourg Alsace,Racing Club de Lens,2026-08-29T15:15:00Z,half_walkforward_v1,resolved,34.3,26.2,39.5,58.9,62.3,False,0.8190509691313712,0.5546697892271663,0.6701785714285714,1.0538041695146958,2,1,0,1
2026-10-08T19:12:17Z,FL1,2026,2.0,Stade Brestois 29,Toulouse FC,2026-08-29T18:45:00Z,half_walkforward_v1,resolved,36.5,27.0,36.5,55.6,59.9,False,0.8558169344390173,1.0494887466326797,0.6440535228170182,0.4800563978081599,2,2,1,1
2026-10-08T19:12:17Z,FL1,2026,2.0,AJ Auxerre,Angers SCO,2026-08-29T18:45:00Z,half_walkforward_v1,resolved,48.4,33.5,18.1,26.7,32.9,False,0.40367935404872457,0.21902517886626308,0.7726455486629223,0.37679520471201017,1,3,1,1
2026-10-08T19:12:17Z,FL1,2026,2.0,FC Lorient,ES Troyes AC,2026-08-29T18:45:00Z,half_walkforward_v1,resolved,44.9,25.0,30.1,62.5,64.5,True,0.7944620253164557,0.43734177215189873,0.9933544303797471,0.9992088607594937,1,2,0,2
2026-10-08T19:12:17Z,FL1,2026,2.0,Olympique Lyonnais,Le Havre AC,2026-08-29T18:45:00Z,half_walkforward_v1,resolved,60.4,25.8,13.8,42.3,41.6,False,0.7618577460085236,0.28234039625756746,0.9285561446894125,0.40697463054933075,1,1,0,0
2026-10-08T19:12:17Z,FL1,2026,2.0,Paris FC,OGC Nice,2026-08-30T13:00:00Z,half_walkforward_v1,resolved,50.9,23.9,25.2,63.8,64.2,False,1.0594935090174131,0.8017293882978721,0.9302977715163934,0.540551679870892,3,0,1,0
2026-10-08T19:12:17Z,FL1,2026,2.0,Stade Rennais FC 1901,Le Mans FC,2026-08-30T15:15:00Z,half_walkforward_v1,resolved,51.9,25.8,22.3,53.8,55.8,True,0.7089452603471296,0.4646194926568758,1.0413885180240323,0.6186025812194037,3,2,2,1
2026-10-08T19:12:17Z,FL1,2026,2.0,AS Monaco FC,Olympique de Marseille,2026-08-30T18:45:00Z,half_walkforward_v1,resolved,45.7,25.3,29.0,60.8,63.0,False,0.5430781877968579,0.5891324476650563,1.2395899209486168,0.7892758460556103,2,0,1,0
2026-10-08T19:12:17Z,FL1,2026,3.0,Toulouse FC,Lille OSC,2026-09-03T18:45:00Z,half_walkforward_v1,resolved,20.6,25.1,54.4,54.8,55.6,False,0.31507079511308156,0.5810786209963423,0.7355925507658353,1.2783822825736295,0,1,0,0
2026-10-08T19:12:17Z,FL1,2026,3.0,Olympique Lyonnais,AJ Auxerre,2026-09-04T17:00:00Z,half_walkforward_v1,resolved,59.3,24.2,16.5,52.5,51.3,False,0.7420647211007257,0.4832361516034985,1.1339207743507327,0.3991143571985211,3,1,2,1
2026-10-08T19:12:18Z,FL1,2026,3.0,Paris Saint-Germain FC,AS Monaco FC,2026-09-04T19:05:00Z,half_walkforward_v1,resolved,69.4,18.6,12.0,66.1,57.0,False,0.9126936702588877,0.45469539232697126,1.5328819567529246,0.47724337677826056,1,2,1,0
2026-10-08T19:12:18Z,FL1,2026,3.0,Racing Club de Lens,FC Lorient,2026-09-05T15:15:00Z,half_walkforward_v1,resolved,66.1,22.3,11.5,49.9,44.5,False,0.6738444630644455,0.29388501929670807,1.2971184806134342,0.3983406278930861,0,1,0,0
2026-10-08T19:12:18Z,FL1,2026,3.0,OGC Nice,Le Mans FC,2026-09-05T18:45:00Z,half_walkforward_v1,resolved,30.5,25.9,43.6,59.2,62.1,True,0.7247454380481904,0.8286076429606126,0.668277808311842,0.8571428571428571,1,1,1,1
2026-10-08T19:12:18Z,FL1,2026,3.0,Le Havre AC,Stade Brestois 29,2026-09-05T18:45:00Z,half_walkforward_v1,resolved,47.7,30.2,22.2,38.5,44.3,False,0.6186197485345584,0.6181236183512518,0.7564549347409872,0.27210884353741494,1,2,0,1
2026-10-08T19:12:18Z,FL1,2026,3.0,ES Troyes AC,RC Strasbourg Alsace,2026-09-06T13:00:00Z,half_walkforward_v1,resolved,39.4,29.8,30.8,44.2,50.9,True,0.46092053842813724,0.491098567086409,0.8512809379070776,0.6427485887972211,2,6,1,2
2026-10-08T19:12:18Z,FL1,2026,3.0,Angers SCO,Stade Rennais FC 1901,2026-09-06T15:15:00Z,half_walkforward_v1,resolved,29.9,26.8,43.3,55.1,58.9,False,0.3820037105751392,1.206043647074575,0.927952047952048,0.4779654650282452,1,2,1,2
2026-10-08T19:12:18Z,FL1,2026,3.0,Olympique de Marseille,Paris FC,2026-09-06T18:45:00Z,half_walkforward_v1,resolved,59.8,23.3,16.9,56.6,54.6,False,0.6315949402531784,0.2911349878134866,1.3650198827691273,0.7021460402494715,2,3,1,2
2026-10-08T19:12:18Z,FL1,2026,4.0,Stade Rennais FC 1901,Olympique de Marseille,2026-09-11T18:45:00Z,half_walkforward_v1,resolved,51.1,26.0,22.8,53.5,55.7,False,0.6258919530117533,0.4616375774645216,1.0916406383177621,0.6309542436909047,1,0,0,0
2026-10-08T19:12:18Z,FL1,2026,4.0,RC Strasbourg Alsace,AS Monaco FC,2026-09-12T15:15:00Z,half_walkforward_v1,resolved,47.7,24.7,27.6,62.5,64.0,False,0.7051243843696675,0.45530595530595536,1.1438963572721537,0.9480529926958499,1,1,0,0
2026-10-08T19:12:18Z,FL1,2026,4.0,FC Lorient,Toulouse FC,2026-09-12T18:45:00Z,half_walkforward_v1,resolved,36.9,25.5,37.6,62.1,64.8,False,0.8295043336507579,0.683049485444695,0.7798014175730172,0.8506258910749929,2,2,2,0
2026-10-08T19:12:18Z,FL1,2026,4.0,AJ Auxerre,OGC Nice,2026-09-12T18:45:00Z,half_walkforward_v1,resolved,46.3,29.8,23.9,40.9,46.7,False,0.6013462742080978,0.5757162922831586,0.7783229136155935,0.3650203749719005,1,0,0,0
2026-10-08T19:12:18Z,FL1,2026,4.0,Le Havre AC,Angers SCO,2026-09-12T18:45:00Z,half_walkforward_v1,resolved,45.0,32.9,22.1,30.9,38.2,False,0.5170206022652075,0.3329003805323893,0.6748761598633284,0.34842853974590504,0,0,0,0
2026-10-08T19:12:18Z,FL1,2026,4.0,Paris FC,Olympique Lyonnais,2026-09-12T18:45:00Z,half_walkforward_v1,resolved,32.0,26.6,41.5,56.8,60.5,False,0.505915649127877,0.8919397513637606,0.8500430302336693,0.7021934664307062,0,0,0,0
2026-10-08T19:12:18Z,FL1,2026,4.0,Lille OSC,ES Troyes AC,2026-09-13T13:00:00Z,half_walkforward_v1,resolved,37.5,29.0,33.5,47.5,53.6,True,0.35355029585798814,0.5923456884995347,1.0079448302427854,0.5362426035502958,2,0,1,0
2026-10-08T19:12:18Z,FL1,2026,4.0,Le Mans FC,Racing Club de Lens,2026-09-13T15:15:00Z,half_walkforward_v1,resolved,27.9,23.8,48.3,66.3,66.9,True,0.7574868432658101,0.8836468349742685,0.7172468663633066,1.0703286421582006,2,2,2,1
2026-10-08T19:12:18Z,FL1,2026,4.0,Stade Brestois 29,Paris Saint-Germain FC,2026-09-13T18:45:00Z,half_walkforward_v1,resolved,21.9,23.4,54.7,63.1,62.4,False,0.6261144047061641,1.100255191158236,0.6113660462751204,0.8921930494685913,0,1,0,1
2026-10-08T19:12:19Z,FL1,2026,5.0,AS Monaco FC,Racing Club de Lens,2026-09-18T18:45:00Z,half_walkforward_v1,resolved,36.6,24.4,39.0,66.5,68.1,False,0.8067689885871705,0.7273346155310964,0.853579979693563,1.020420480464469,2,1,1,0
2026-10-08T19:12:19Z,FL1,2026,5.0,Paris FC,RC Strasbourg Alsace,2026-09-19T15:15:00Z,half_walkforward_v1,resolved,36.6,23.1,40.3,72.0,72.3,False,0.7175547006875747,0.8212461939973902,1.0900719755102712,1.087174079863848,2,1,1,0
2026-10-08T19:12:19Z,FL1,2026,5.0,Le Mans FC,FC Lorient,2026-09-19T18:45:00Z,half_walkforward_v1,resolved,43.7,27.4,28.9,52.4,56.8,True,0.8339332459544927,0.45298012191889736,0.6961274922377859,0.7620571797324237,2,1,1,0
2026-10-08T19:12:19Z,FL1,2026,5.0,Toulouse FC,Le Havre AC,2026-09-19T18:45:00Z,half_walkforward_v1,resolved,44.7,31.0,24.3,37.5,44.2,False,0.39035612381193274,0.319421674049954,0.9091731038731962,0.5820821254209517,3,2,0,0
2026-10-08T19:12:19Z,FL1,2026,5.0,Angers SCO,ES Troyes AC,2026-09-19T18:45:00Z,half_walkforward_v1,resolved,31.7,31.6,36.7,38.2,46.2,True,0.3700893273160536,1.0959801219188972,0.6925082274899945,0.24577259475218657,2,0,1,0
2026-10-08T19:12:19Z,FL1,2026,5.0,Olympique Lyonnais,Stade Rennais FC 1901,2026-09-19T18:45:00Z,half_walkforward_v1,resolved,51.5,23.0,25.5,67.8,67.3,False,0.7979743807452582,0.7880472151754951,1.257182983231038,0.6305010977529675,4,0,2,0
2026-10-08T19:12:19Z,FL1,2026,5.0,AJ Auxerre,Stade Brestois 29,2026-09-20T13:00:00Z,half_walkforward_v1,resolved,44.2,31.2,24.6,37.2,44.0,False,0.45718416366543524,0.49315561959654186,0.8285975640137521,0.40718504634226144,2,1,0,1
2026-10-08T19:12:19Z,FL1,2026,5.0,OGC Nice,Lille OSC,2026-09-20T15:15:00Z,half_walkforward_v1,resolved,14.8,24.5,60.7,48.8,47.2,False,0.3494338549048124,0.6603023462057056,0.44944532873655896,1.1366387566245966,2,1,1,0
2026-10-08T19:12:19Z,FL1,2026,5.0,Olympique de Marseille,Paris Saint-Germain FC,2026-09-20T18:45:00Z,half_walkforward_v1,resolved,35.6,24.4,40.0,66.6,68.2,False,0.6366718746713607,0.6251436453980479,1.0204915793832454,1.1538380953791445,1,2,0,0
2026-10-08T19:12:19Z,CL,2026,1.0,Real Madrid CF,FC Internazionale Milano,2026-09-08T19:00:00Z,half_walkforward_v1,resolved,39.2,27.0,33.8,55.5,59.7,False,0.7021063893156096,0.8007520813664064,0.8050029086678302,0.5717747245687855,2,1,2,0
2026-10-08T19:12:19Z,CL,2026,1.0,Borussia Dortmund,Villarreal CF,2026-09-08T19:00:00Z,half_walkforward_v1,resolved,79.0,15.7,5.4,55.8,36.9,True,1.0311314543687493,0.15622662677636498,1.3772693668799691,0.35143979057591623,3,2,0,0
2026-10-08T19:12:19Z,CL,2026,1.0,Sporting Clube de Portugal,Galatasaray SK,2026-09-09T19:00:00Z,half_walkforward_v1,resolved,79.9,13.7,6.3,69.2,49.6,False,0.8935989904687027,0.163625732058132,1.917670631714625,0.6060849937716385,3,1,1,1
2026-10-08T19:12:19Z,CL,2026,1.0,SSC Napoli,Arsenal FC,2026-09-09T19:00:00Z,half_walkforward_v1,resolved,23.9,26.7,49.4,51.8,54.9,True,0.30387745042221276,0.47009393095851243,0.763341131361436,1.224491778592767,0,1,0,0
2026-10-08T19:12:19Z,CL,2026,1.0,Liverpool FC,Club Atlético de Madrid,2026-09-09T19:00:00Z,half_walkforward_v1,resolved,57.8,20.4,21.7,74.7,71.0,False,0.8518794311364682,0.49221707826587463,1.5958937710206746,0.9615974510444186,2,1,1,1
2026-10-08T19:12:20Z,CL,2026,1.0,FC Bayern München,FK Bodø/Glimt,2026-09-10T19:00:00Z,half_walkforward_v1,resolved,73.7,15.2,11.1,78.0,65.5,False,1.1539876076168702,0.4726027983032292,1.8332038742533499,0.567752182262846,5,0,0,0
2026-10-08T19:12:20Z,EL,2026,1.0,Sunderland,AZ,2026-09-16T19:00:00Z,half_walkforward_v1,resolved,32.3,33.7,34.0,31.8,40.9,False,,,,,1,0,0,0
2026-10-08T19:12:20Z,EL,2026,1.0,Sturm Graz,Rennes,2026-09-16T19:00:00Z,half_walkforward_v1,resolved,34.7,29.6,35.7,45.4,52.0,True,,,,,0,0,0,0
2026-10-08T19:12:21Z,EL,2026,1.0,Milan,Benfica,2026-09-16T19:00:00Z,half_walkforward_v1,resolved,11.4,21.9,66.8,51.3,45.3,False,,,,,0,2,0,1
2026-10-08T19:12:21Z,EL,2026,1.0,Celtic,Ferencváros,2026-09-17T19:00:00Z,half_walkforward_v1,resolved,15.8,23.8,60.5,53.0,51.1,True,0.23702185792349725,0.8763718844389107,0.6706955229604067,0.7562834733436642,1,3,1,2
2026-10-08T19:12:21Z,EL,2026,1.0,Real Sociedad,AFC Bournemouth,2026-09-17T19:00:00Z,half_walkforward_v1,resolved,35.5,23.2,41.3,71.7,72.0,False,,,,,1,2,0,2
2026-10-08T19:12:22Z,EL,2026,1.0,Juventus FC,NEC,2026-09-17T19:00:00Z,half_walkforward_v1,resolved,49.6,25.7,24.7,56.3,58.5,False,,,,,5,0,3,0
2026-10-08T19:12:22Z,NT,2026,1.0,Andorra CF,Malta,2026-09-24T16:00:00Z,half_walkforward_v1,resolved,58.5,27.6,14.0,37.4,38.1,True,0.8439994959647945,0.27820334482999554,0.7206541972925993,0.3555780665777207,1,2,1,1
2026-10-08T19:12:22Z,NT,2026,1.0,Liechtenstein,Lithuania,2026-09-24T18:45:00Z,half_walkforward_v1,resolved,29.3,30.6,40.1,40.9,48.0,False,0.7395381404799825,0.48745461738968543,0.3614026717557252,0.7707221108319644,0,2,0,0
2026-10-08T19:12:22Z,NT,2026,1.0,Austria,Israel,2026-09-24T18:45:00Z,half_walkforward_v1,resolved,68.3,20.6,11.1,55.5,48.0,False,0.8656240738278093,0.3143077839206883,1.2518931137769775,0.44876775733512003,3,1,1,0
2026-10-08T19:12:22Z,NT,2026,1.0,Kosovo,Republic of Ireland,2026-09-24T18:45:00Z,half_walkforward_v1,resolved,73.0,17.3,9.7,65.4,53.3,False,0.7029446976769729,0.44865388195866696,1.9069033437264808,0.3835153154894193,1,0,0,0
2026-10-08T19:12:22Z,NT,2026,1.0,Serbia,Greece,2026-09-24T18:45:00Z,half_walkforward_v1,resolved,30.2,41.1,28.7,16.1,26.0,True,0.12164171706156442,0.29473579855259247,0.6329273350023807,0.3821750768315653,1,2,1,0
2026-10-08T19:12:22Z,NT,2026,1.0,Norway,Denmark,2026-09-24T18:45:00Z,half_walkforward_v1,resolved,66.5,25.4,8.1,32.7,27.6,True,1.028769133003303,0.2001861850679576,0.6330010597938778,0.20770966292272702,3,2,2,1
2026-10-08T19:12:22Z,NT,2026,1.0,Netherlands,Germany,2026-09-24T18:45:00Z,half_walkforward_v1,resolved,53.5,21.2,25.3,75.0,72.6,False,0.938845118855004,0.9554748435329333,1.3877371333107273,0.6527527743297383,1,1,0,1
2026-10-08T19:12:22Z,NT,2026,1.0,Portugal,Wales,2026-09-24T18:45:00Z,half_walkforward_v1,resolved,53.4,25.6,21.0,53.2,54.7,False,0.25381679389312983,0.6184148668776766,1.7523787764756478,0.3789255000483138,1,0,1,0
2026-10-08T19:12:22Z,NT,2026,1.0,Armenia,Latvia,2026-09-25T16:00:00Z,half_walkforward_v1,resolved,40.5,31.8,27.7,36.7,44.4,True,0.4816668578771054,0.4197316331011983,0.7155844155844155,0.5323393992838438,2,0,1,0
2026-10-08T19:12:22Z,NT,2026,1.0,Georgia,Northern Ireland,2026-09-25T16:00:00Z,half_walkforward_v1,resolved,74.7,16.6,8.7,65.1,51.3,False,1.3246600947638933,0.20747703484116528,1.2507575757575757,0.5305712214739993,0,1,0,0
2026-10-08T19:12:22Z,NT,2026,1.0,Montenegro,Cyprus,2026-09-25T18:45:00Z,half_walkforward_v1,resolved,37.5,24.5,38.1,66.5,68.1,False,0.700773501251744,0.8008512280494758,0.9905765024036203,0.8864053428831996,2,1,0,0
2026-10-08T19:12:22Z,NT,2026,1.0,Türkiye,France,2026-09-25T18:45:00Z,half_walkforward_v1,resolved,53.3,24.0,22.7,61.3,61.4,False,0.9874001471515661,0.73528417694138,0.9032768119237606,0.4432835820895522,0,1,0,0
2026-10-08T19:12:22Z,NT,2026,1.0,Italy,Belgium,2026-09-25T18:45:00Z,half_walkforward_v1,resolved,35.2,25.3,39.5,63.0,65.4,False,0.8682720980387577,0.6041811874604434,0.6805729738503542,1.0850483466093939,0,2,0,1
2026-10-08T19:12:22Z,NT,2026,1.0,Sweden,Romania,2026-09-25T18:45:00Z,half_walkforward_v1,resolved,38.2,23.4,38.4,71.2,71.7,False,0.9562381753205802,0.7220595392602206,0.8947588063835944,1.0574229263518475,2,1,2,1
2026-10-08T19:12:22Z,NT,2026,1.0,Poland,Bosnia-Herzegovina,2026-09-25T18:45:00Z,half_walkforward_v1,resolved,63.4,21.2,15.3,62.1,57.4,False,0.7899201177212528,0.7259085009733938,1.4225937487079838,0.3034793246880352,0,0,0,0
2026-10-08T19:12:22Z,NT,2026,1.0,Hungary,Ukraine,2026-09-25T18:45:00Z,half_walkforward_v1,resolved,32.3,30.1,37.6,43.5,50.4,False,0.6201710839087338,0.5507047986207373,0.5421599162149553,0.6725408750215361,0,1,0,1
2026-10-08T19:12:22Z,NT,2026,1.0,Slovenia,Scotland,2026-09-26T13:00:00Z,half_walkforward_v1,resolved,16.3,22.8,60.9,57.6,54.9,False,0.3586826408885232,1.4677521008403362,0.5748669178415168,0.6548496665872828,0,0,0,0
2026-10-08T19:12:22Z,NT,2026,1.0,Iceland,Estonia,2026-09-26T16:00:00Z,half_walkforward_v1,resolved,48.4,23.8,27.8,66.1,66.7,True,0.9240079907867191,0.4894911265239591,1.0271823271934408,0.969165437573622,1,1,1,0
2026-10-08T19:12:22Z,NT,2026,1.0,Faroe Islands,Kazakhstan,2026-09-26T16:00:00Z,half_walkforward_v1,resolved,71.0,19.2,9.8,57.3,47.3,True,1.3597199459057652,0.26742719092526984,0.8677214465167342,0.45640525990545294,1,1,1,1
2026-10-08T19:12:22Z,NT,2026,1.0,Bulgaria,Luxembourg,2026-09-26T16:00:00Z,half_walkforward_v1,resolved,48.1,34.1,17.8,25.2,31.6,False,0.8815039619440599,0.2495987115302518,0.35134870973946325,0.33744922773361846,1,2,1,1
2026-10-08T19:12:22Z,NT,2026,1.0,San Marino,Finland,2026-09-26T16:00:00Z,half_walkforward_v1,resolved,48.3,27.8,23.8,47.7,51.8,False,0.6574946379347358,0.18467807660961694,0.8976603105965187,0.8536885439729347,0,7,0,3
2026-10-08T19:12:22Z,NT,2026,1.0,Slovakia,Moldova,2026-09-26T18:45:00Z,half_walkforward_v1,resolved,53.1,29.8,17.1,35.1,38.9,False,0.7843933186435094,0.304099455049396,0.6407248062101684,0.3004773495562,2,0,2,0
2026-10-08T19:12:22Z,NT,2026,1.0,Albania,Belarus,2026-09-26T18:45:00Z,half_walkforward_v1,resolved,19.8,29.8,50.4,37.8,42.6,False,0.20531834595525877,0.3459333807698018,0.6201472431476635,1.0255432716275483,2,0,2,0
2026-10-08T19:12:22Z,NT,2026,1.0,England,Spain,2026-09-26T18:45:00Z,half_walkforward_v1,resolved,33.4,28.3,38.3,50.2,55.7,False,0.2872328392972344,0.6371343674063423,1.0259186114347905,0.7338807102992808,2,3,2,1
2026-10-08T19:12:22Z,NT,2026,1.0,Czechia,Croatia,2026-09-26T18:45:00Z,half_walkforward_v1,resolved,70.1,17.1,12.8,74.3,64.4,False,1.6846239991510068,0.6508694808891893,1.1234306525523783,0.406362285875919,1,2,0,0
2026-10-08T19:12:22Z,NT,2026,1.0,North Macedonia,Switzerland,2026-09-26T18:45:00Z,half_walkforward_v1,resolved,47.9,33.7,18.3,26.4,32.9,True,0.2185402974749222,0.3240747146316154,1.039530870479583,0.29304738844690426,0,3,0,2
2026-10-08T19:12:22Z,NT,2026,2.0,Lithuania,Azerbaijan,2026-09-27T13:00:00Z,half_walkforward_v1,resolved,46.2,32.0,21.8,33.0,39.7,False,0.6982385603357393,0.350719898160748,0.5582411010042589,0.42243193872630846,1,1,1,1
2026-10-08T19:12:23Z,NT,2026,2.0,Denmark,Wales,2026-09-27T16:00:00Z,half_walkforward_v1,resolved,58.3,27.5,14.2,37.8,38.6,False,0.49549445029755296,0.5492215687532869,1.0219774148771763,0.16472063078971363,2,0,0,0
2026-10-08T19:12:23Z,NT,2026,2.0,Serbia,Netherlands,2026-09-27T16:00:00Z,half_walkforward_v1,resolved,44.6,37.1,18.3,19.9,27.3,True,0.37893908974607066,0.16050119331742244,0.6192751907996539,0.37062141927685577,1,2,0,1
2026-10-08T19:12:23Z,NT,2026,2.0,Austria,Kosovo,2026-09-27T16:00:00Z,half_walkforward_v1,resolved,66.8,19.4,13.8,66.5,59.2,False,0.9130759637919544,0.46704663927667156,1.1835215239712555,0.6773165235919164,3,1,2,0
2026-10-08T19:12:23Z,NT,2026,2.0,Gibraltar,Andorra CF,2026-09-27T16:00:00Z,half_walkforward_v1,resolved,65.8,28.5,5.7,21.9,16.7,False,0.6059574979622714,0.06950686544958623,0.7615594429436912,0.1723491305830208,0,0,0,0
2026-10-08T19:12:23Z,NT,2026,2.0,Norway,Portugal,2026-09-27T18:45:00Z,half_walkforward_v1,resolved,52.2,29.2,18.6,38.3,42.3,False,0.4918337264150944,0.47609991423670667,0.855122286777113,0.3005243105950653,1,2,0,1
2026-10-08T19:12:23Z,NT,2026,2.0,Germany,Greece,2026-09-27T18:45:00Z,half_walkforward_v1,resolved,38.3,28.9,32.8,48.0,54.0,False,0.3410363883279696,0.3597019725557461,1.069523673322425,0.9170647879374296,0,1,0,0
2026-10-08T19:12:23Z,NT,2026,2.0,Israel,Republic of Ireland,2026-09-27T18:45:00Z,half_walkforward_v1,resolved,45.7,30.4,23.9,39.1,45.4,True,0.35089531059588486,0.4056291907063776,1.055897297211149,0.49604923378508287,0,3,0,3
2026-10-08T19:12:23Z,NT,2026,2.0,Latvia,Cyprus,2026-09-28T16:00:00Z,half_walkforward_v1,resolved,24.8,28.0,47.2,47.8,52.3,True,0.2535965205754433,0.3839590651834504,0.8593783813924329,1.2285000472470302,0,0,0,0
2026-10-08T19:12:23Z,NT,2026,2.0,Armenia,Montenegro,2026-09-28T16:00:00Z,half_walkforward_v1,resolved,38.9,33.1,28.0,32.9,41.4,False,0.46290866118913154,0.3359641820355191,0.6461846873219824,0.5764483555905155,2,3,1,2
2026-10-08T19:12:23Z,NT,2026,2.0,Georgia,Ukraine,2026-09-28T16:00:00Z,half_walkforward_v1,resolved,44.1,27.3,28.7,52.9,57.1,False,0.7927033373290607,0.3119989641506035,0.7796180590091599,0.7790627682202133,0,0,0,0
2026-10-08T19:12:23Z,NT,2026,2.0,Sweden,Poland,2026-09-28T18:45:00Z,half_walkforward_v1,resolved,76.0,13.0,11.0,87.0,74.0,True,0.686046511627907,0.575022295396858,2.52666250671955,0.8393088636832556,3,1,1,1
2026-10-08T19:12:23Z,NT,2026,2.0,Northern Ireland,Hungary,2026-09-28T18:45:00Z,half_walkforward_v1,resolved,82.8,13.3,3.9,58.6,34.1,False,1.4454206144128625,0.3980679863508978,1.0924714032656113,0.10499569336778639,0,0,0,0
2026-10-08T19:12:23Z,NT,2026,2.0,Türkiye,Italy,2026-09-28T18:45:00Z,half_walkforward_v1,resolved,39.2,31.6,29.3,37.8,45.6,False,0.6569432481577185,0.46853668513818064,0.49232498550913056,0.5055496059622567,1,4,0,3
2026-10-08T19:12:23Z,NT,2026,2.0,Belgium,France,2026-09-28T18:45:00Z,half_walkforward_v1,resolved,50.2,23.6,26.2,66.1,66.3,False,0.8021454858664161,0.7544038865709991,1.0481052612250508,0.600903454922378,0,1,0,0
2026-10-08T19:12:23Z,NT,2026,2.0,Romania,Bosnia-Herzegovina,2026-09-28T18:45:00Z,half_walkforward_v1,resolved,76.1,17.3,6.6,54.4,39.2,False,0.6704956542165844,0.3146076945624178,1.4668207176763564,0.306207445397471,2,4,1,3
2026-10-08T19:12:23Z,NT,2026,2.0,Finland,Belarus,2026-09-29T16:00:00Z,half_walkforward_v1,resolved,9.9,20.3,69.8,53.6,44.9,True,0.3419616350765015,0.26597871567532666,0.35210031347962384,2.29732953072336,0,0,0,0
2026-10-08T19:12:23Z,NT,2026,2.0,Moldova,Faroe Islands,2026-09-29T16:00:00Z,half_walkforward_v1,resolved,35.1,33.9,31.0,31.4,40.4,False,0.5206531171500343,0.4719538996596123,0.5044827586206897,0.45394347938812546,1,1,0,1
2026-10-08T19:12:23Z,NT,2026,2.0,Slovenia,North Macedonia,2026-09-29T18:45:00Z,half_walkforward_v1,resolved,41.3,31.7,27.0,36.6,44.2,False,0.7794412798814492,0.367722608621298,0.47924287557756473,0.5399620142703146,2,0,0,0
2026-10-08T19:12:23Z,NT,2026,2.0,Slovakia,Kazakhstan,2026-09-29T18:45:00Z,half_walkforward_v1,resolved,79.8,14.9,5.3,58.8,38.9,False,1.434500607822626,0.4104864604776592,1.0832955264707054,0.1566911349520045,2,1,1,1
2026-10-08T19:12:23Z,NT,2026,2.0,San Marino,Albania,2026-09-29T18:45:00Z,half_walkforward_v1,resolved,14.6,27.3,58.1,39.1,40.0,False,0.22642149211208262,0.32274027459954235,0.4525476684600028,1.2952639751552795,0,3,0,2
2026-10-08T19:12:23Z,NT,2026,2.0,Luxembourg,Iceland,2026-09-29T18:45:00Z,half_walkforward_v1,resolved,36.1,36.1,27.9,25.4,34.9,False,0.3355617394335248,0.5164983424279762,0.6183449778470227,0.2887034161490683,0,3,0,2
2026-10-08T19:12:23Z,NT,2026,2.0,Bulgaria,Estonia,2026-09-29T18:45:00Z,half_walkforward_v1,resolved,40.5,32.0,27.5,35.9,43.7,False,0.9181141740039704,0.30321452708943164,0.3506097478509719,0.61959972394755,0,0,0,0
2026-10-08T19:12:23Z,NT,2026,2.0,Spain,Croatia,2026-09-29T18:45:00Z,half_walkforward_v1,resolved,69.0,17.3,13.7,75.3,66.1,False,1.3700425841453618,0.4830376759438544,1.3780947222357467,0.624223602484472,4,1,2,1
2026-10-08T19:12:23Z,NT,2026,2.0,Czechia,England,2026-09-29T18:45:00Z,half_walkforward_v1,resolved,30.5,25.4,44.0,60.9,63.4,True,0.5942375702101101,0.572112013759611,0.7934249624144458,1.134952004517222,0,2,0,0
2026-10-08T19:12:23Z,NT,2026,2.0,Scotland,Switzerland,2026-09-29T18:45:00Z,half_walkforward_v1,resolved,21.2,24.7,54.1,56.8,57.4,False,0.20910348838577125,1.2051789474778383,0.9797209095982159,0.7036441819050515,0,3,0,1
2026-10-08T19:12:23Z,NT,2026,3.0,Azerbaijan,Liechtenstein,2026-10-01T16:00:00Z,half_walkforward_v1,resolved,42.4,33.7,24.0,29.9,38.0,False,0.3432945540021101,0.19894791307347362,0.7865214399621463,0.6197101434571759,0,0,0,0
2026-10-08T19:12:23Z,NT,2026,3.0,Greece,Netherlands,2026-10-01T18:45:00Z,half_walkforward_v1,resolved,47.1,31.1,21.8,35.4,41.6,True,0.3745397422244153,0.44869670556127994,0.973761752496072,0.36115243077096615,2,2,2,0
2026-10-08T19:12:23Z,NT,2026,3.0,Malta,Gibraltar,2026-10-01T18:45:00Z,half_walkforward_v1,resolved,52.3,34.0,13.7,22.1,26.4,True,0.3366890380313199,0.41512341381454976,0.7913548145285029,0.10141685309470544,1,1,0,0
2026-10-08T19:12:23Z,NT,2026,3.0,Republic of Ireland,Austria,2026-10-01T18:45:00Z,half_walkforward_v1,resolved,43.9,32.7,23.5,32.2,39.7,False,0.46514084122160765,0.7182060903951656,0.7164067166801362,0.1507969798657718,2,2,2,0
2026-10-08T19:12:23Z,NT,2026,3.0,Wales,Norway,2026-10-01T18:45:00Z,half_walkforward_v1,resolved,56.3,25.8,18.0,49.0,49.8,False,0.8248566265148036,0.5234794898214933,0.9135422889068484,0.3756949927622055,2,1,1,1
2026-10-08T19:12:23Z,NT,2026,3.0,Denmark,Portugal,2026-10-01T18:45:00Z,half_walkforward_v1,resolved,46.1,31.6,22.3,34.4,41.1,False,0.3092410944759938,0.5892973049396231,0.9560582430324865,0.2592889246560782,2,4,1,2
2026-10-08T19:12:23Z,NT,2026,3.0,Germany,Serbia,2026-10-01T18:45:00Z,half_walkforward_v1,resolved,82.3,12.5,5.2,69.5,46.6,False,1.2450227777600273,0.198596023709505,1.6552233037000599,0.4802415803698868,2,0,1,0
2026-10-08T19:12:23Z,NT,2026,3.0,Israel,Kosovo,2026-10-01T18:45:00Z,half_walkforward_v1,resolved,22.8,23.9,53.3,61.8,61.8,False,0.49885228340948334,1.298548646114716,0.5935161108963771,0.8619082280563232,0,0,0,0
2026-10-08T19:12:23Z,NT,2026,3.0,Kazakhstan,Moldova,2026-10-02T14:00:00Z,half_walkforward_v1,resolved,31.1,38.4,30.5,20.7,30.7,False,0.5946873509357727,0.2194789485087022,0.24564977973568278,0.5757214840604423,1,2,0,1
2026-10-08T19:12:23Z,NT,2026,3.0,Latvia,Montenegro,2026-10-02T16:00:00Z,half_walkforward_v1,resolved,26.1,36.2,37.8,24.7,34.1,False,0.25293040293040286,0.31135531135531136,0.486953191798153,0.639423076923077,1,2,0,1
2026-10-08T19:12:23Z,NT,2026,3.0,Cyprus,Armenia,2026-10-02T16:00:00Z,half_walkforward_v1,resolved,33.7,20.5,45.8,82.1,79.9,False,1.2601999486712863,0.9982905982905983,0.8057842014431161,1.3948717948717952,2,0,2,0
2026-10-08T19:12:23Z,NT,2026,3.0,Bosnia-Herzegovina,Sweden,2026-10-02T18:45:00Z,half_walkforward_v1,resolved,18.1,27.1,54.8,44.5,46.6,True,0.3460456392622694,0.9857015784912462,0.42440211664083166,0.5845465498003715,1,1,0,0
2026-10-08T19:12:23Z,NT,2026,3.0,Poland,Romania,2026-10-02T18:45:00Z,half_walkforward_v1,resolved,19.8,25.0,55.2,54.1,54.6,False,0.5390144975221007,1.5167849709131667,0.46237533812259163,0.4651508190291995,6,0,1,0
2026-10-08T19:12:23Z,NT,2026,3.0,Hungary,Georgia,2026-10-02T18:45:00Z,half_walkforward_v1,resolved,21.8,34.7,43.6,26.4,34.4,False,0.5290610742676707,0.33666453185319606,0.20215301656767742,0.7796781467518206,1,0,1,0
2026-10-08T19:12:23Z,NT,2026,3.0,Belgium,Türkiye,2026-10-02T18:45:00Z,half_walkforward_v1,resolved,45.7,28.8,25.5,45.4,50.7,False,0.6448368682532049,0.5934878485446881,0.6595773544509136,0.4459084643990069,3,0,1,0
2026-10-08T19:12:23Z,NT,2026,3.0,France,Italy,2026-10-02T18:45:00Z,half_walkforward_v1,resolved,23.9,28.3,47.8,46.2,50.8,False,0.6214724538127024,0.4184870399032218,0.4041948837104379,1.0958729763193347,1,1,0,0
2026-10-08T19:12:23Z,NT,2026,3.0,Faroe Islands,Slovakia,2026-10-02T18:45:00Z,half_walkforward_v1,resolved,41.8,29.6,28.6,44.2,50.5,False,0.8111911362975375,0.4842340689544752,0.4926611423954973,0.5964207425808109,1,1,0,1
2026-10-08T19:12:23Z,NT,2026,3.0,Ukraine,Northern Ireland,2026-10-02T18:45:00Z,half_walkforward_v1,resolved,62.0,24.0,14.0,48.8,46.4,False,0.512906432637177,0.392775287162062,1.3157420932121187,0.38067284380832234,0,3,0,2
2026-10-08T19:12:24Z,NT,2026,3.0,Finland,Albania,2026-10-03T13:00:00Z,half_walkforward_v1,resolved,13.3,28.0,58.7,35.0,35.8,True,0.21654040404040406,0.27867696841003864,0.3685288098951242,1.3892492888364674,2,1,1,1
2026-10-08T19:12:24Z,NT,2026,3.0,Estonia,Luxembourg,2026-10-03T16:00:00Z,half_walkforward_v1,resolved,44.1,30.6,25.4,39.4,46.0,True,0.9006598240469207,0.46967741935483875,0.47802497445960945,0.4594048159927306,1,0,1,0
2026-10-08T19:12:24Z,NT,2026,3.0,Iceland,Bulgaria,2026-10-03T16:00:00Z,half_walkforward_v1,resolved,50.4,26.0,23.6,54.3,56.7,False,0.6073130498533724,0.6658944281524928,1.0947627499834631,0.4127354301763661,3,0,1,0
2026-10-08T19:12:24Z,NT,2026,3.0,Belarus,San Marino,2026-10-03T16:00:00Z,half_walkforward_v1,resolved,43.8,26.8,29.3,54.8,58.7,False,1.0057276392961876,0.6248387096774194,0.4270393726251112,0.6492766717607699,4,0,0,0
2026-10-08T19:12:24Z,NT,2026,3.0,Croatia,England,2026-10-03T16:00:00Z,half_walkforward_v1,resolved,20.4,29.7,49.9,38.5,43.4,True,0.30276497695852533,0.6879815668202767,0.5102151692595545,0.7020665931070291,0,7,0,4
2026-10-08T19:12:24Z,NT,2026,3.0,Spain,Czechia,2026-10-03T18:45:00Z,half_walkforward_v1,resolved,78.5,14.5,7.0,68.2,50.3,True,0.9175693439158722,0.28735346801512035,1.8190440417637765,0.46554282994035445,3,1,2,0
2026-10-08T19:12:24Z,NT,2026,3.0,Switzerland,Slovenia,2026-10-03T18:45:00Z,half_walkforward_v1,resolved,48.8,28.0,23.2,46.6,50.8,False,0.791347609777201,0.30794117153266287,0.6292716312616811,0.713578449217328,2,1,2,1
2026-10-08T19:12:24Z,NT,2026,3.0,North Macedonia,Scotland,2026-10-03T18:45:00Z,half_walkforward_v1,resolved,18.0,33.5,48.4,26.6,32.9,False,0.10430800542740844,0.8841287986898516,0.5715937508226067,0.35997948174868444,0,2,0,1
2026-10-08T19:12:24Z,NT,2026,4.0,Azerbaijan,Lithuania,2026-10-04T13:00:00Z,half_walkforward_v1,resolved,28.1,29.2,42.6,45.4,51.3,False,0.5632108567665394,0.45788774549367767,0.5302028954967922,0.9712078167923867,1,0,1,0
2026-10-08T19:12:24Z,NT,2026,4.0,Kosovo,Austria,2026-10-04T16:00:00Z,half_walkforward_v1,resolved,57.2,23.8,19.0,57.7,56.8,False,0.8345099265439859,0.8188125473818524,1.0218294863989985,0.3062526476939376,1,1,0,0
2026-10-08T19:12:24Z,NT,2026,4.0,Malta,Andorra CF,2026-10-04T16:00:00Z,half_walkforward_v1,resolved,70.7,25.6,3.6,22.6,12.6,False,0.6808419160670068,0.10670027646771835,0.7857789764365547,0.06537648398113513,1,0,0,0
2026-10-08T19:12:24Z,NT,2026,4.0,Wales,Denmark,2026-10-04T18:45:00Z,half_walkforward_v1,resolved,50.6,31.4,18.0,31.6,36.8,False,0.7421858289965485,0.4303241502192982,0.5607317108129801,0.24681387376487196,0,1,0,0
2026-10-08T19:12:24Z,NT,2026,4.0,Portugal,Norway,2026-10-04T18:45:00Z,half_walkforward_v1,resolved,69.2,17.6,13.1,72.6,63.3,False,0.9182550731097329,0.5304607793522268,1.679016869095816,0.5754237051514728,2,1,1,1
2026-10-08T19:12:24Z,NT,2026,4.0,Netherlands,Serbia,2026-10-04T18:45:00Z,half_walkforward_v1,resolved,82.0,12.5,5.5,71.5,49.4,False,1.2581413307439382,0.40557895640543673,1.7002135145556194,0.3060529307353263,2,1,1,1
2026-10-08T19:12:24Z,NT,2026,4.0,Greece,Germany,2026-10-04T18:45:00Z,half_walkforward_v1,resolved,41.9,26.2,31.9,58.2,61.6,False,0.6506067696989958,0.7008778064041223,0.9805987717133228,0.6910651961468658,0,0,0,0
2026-10-08T19:12:24Z,NT,2026,4.0,Republic of Ireland,Israel,2026-10-04T18:45:00Z,half_walkforward_v1,resolved,49.6,28.4,22.1,44.3,48.6,False,0.6808010499077617,0.375243758434548,0.8348739117779365,0.5617478710037693,1,1,1,0
2026-10-08T19:12:24Z,NT,2026,4.0,Cyprus,Latvia,2026-10-05T16:00:00Z,half_walkforward_v1,resolved,42.5,29.2,28.2,45.3,51.3,False,0.9989346590909091,0.5232594476744186,0.4381669207317073,0.5703210616438357,2,1,0,0
2026-10-08T19:12:24Z,NT,2026,4.0,Bosnia-Herzegovina,Poland,2026-10-05T18:45:00Z,half_walkforward_v1,resolved,38.9,28.7,32.4,48.7,54.5,True,0.16383278883278884,0.8607059973339042,1.4595216348857123,0.42944431041700665,1,0,0,0
2026-10-08T19:12:24Z,NT,2026,4.0,Romania,Sweden,2026-10-05T18:45:00Z,half_walkforward_v1,resolved,33.9,26.2,39.9,58.9,62.3,False,0.6468768577859486,0.8523425035052941,0.6672569099753565,0.8546795608229056,0,1,0,1
2026-10-08T19:12:24Z,NT,2026,4.0,Northern Ireland,Georgia,2026-10-05T18:45:00Z,half_walkforward_v1,resolved,48.5,36.7,14.8,18.7,24.4,False,0.9868562268562269,0.19506805553317183,0.218988218988219,0.22758142758142755,0,0,0,0
2026-10-08T19:12:24Z,NT,2026,4.0,France,Belgium,2026-10-05T18:45:00Z,half_walkforward_v1,resolved,37.2,28.7,34.1,48.8,54.6,False,0.5666013756922847,0.2922649841254492,0.7794369629321083,1.0311921267552666,4,1,0,1
2026-10-08T19:12:24Z,NT,2026,4.0,Italy,Türkiye,2026-10-05T18:45:00Z,half_walkforward_v1,resolved,27.7,28.0,44.3,49.7,54.5,False,0.8866068166068166,0.6630969072829538,0.3559887370566982,0.8381775382628627,3,1,1,0
2026-10-08T19:12:24Z,NT,2026,4.0,Montenegro,Armenia,2026-10-05T18:45:00Z,half_walkforward_v1,resolved,62.5,19.3,18.2,74.7,69.1,False,1.164726964726965,0.5924939413311505,1.3713367451231528,0.7563802614997154,0,0,0,0
2026-10-08T19:12:24Z,NT,2026,4.0,Ukraine,Hungary,2026-10-05T18:45:00Z,half_walkforward_v1,resolved,52.3,26.9,20.8,48.1,50.8,False,0.39911211911211913,0.7679362725874352,1.2861403225480894,0.2489693684232934,1,2,0,0
2026-10-08T19:12:24Z,NT,2026,4.0,Kazakhstan,Faroe Islands,2026-10-06T14:00:00Z,half_walkforward_v1,resolved,22.7,39.8,37.5,17.3,26.4,False,0.2963134580097492,0.48970061663101644,0.28670269743889376,0.3339767438835831,2,2,0,1
2026-10-08T19:12:24Z,NT,2026,4.0,Moldova,Slovakia,2026-10-06T18:45:00Z,half_walkforward_v1,resolved,37.4,28.1,34.5,51.3,56.6,False,0.5281316151838379,0.699159848996272,0.8641612957117356,0.6269776244848154,0,4,0,2
2026-10-08T19:12:24Z,NT,2026,4.0,Luxembourg,Bulgaria,2026-10-06T18:45:00Z,half_walkforward_v1,resolved,33.8,39.1,27.1,19.2,29.1,False,0.23849548882997304,0.5243698867472041,0.5880175680785024,0.20492917118036966,0,2,0,2
2026-10-08T19:12:24Z,NT,2026,4.0,Estonia,Iceland,2026-10-06T18:45:00Z,half_walkforward_v1,resolved,42.6,28.6,28.7,47.7,53.2,True,0.752020739240884,0.8396564296383766,0.6498253736159324,0.3606422051083138,0,0,0,0
2026-10-08T19:12:24Z,NT,2026,4.0,Belarus,Finland,2026-10-06T18:45:00Z,half_walkforward_v1,resolved,42.6,21.9,35.5,76.9,75.9,False,0.6255328184978595,0.5783058816864706,1.4901224706234861,1.3472824395163803,1,0,1,0
2026-10-08T19:12:24Z,NT,2026,4.0,Albania,San Marino,2026-10-06T18:45:00Z,half_walkforward_v1,resolved,65.6,23.1,11.3,46.4,41.7,False,1.085438588829288,0.3351041179830711,0.7325390108650095,0.3208681459160846,2,1,1,0
2026-10-08T19:12:24Z,NT,2026,4.0,England,Czechia,2026-10-06T18:45:00Z,half_walkforward_v1,resolved,63.2,22.8,13.9,53.1,49.5,True,0.5335207132979586,0.27850164212748507,1.4901085842984065,0.5662612613871738,3,0,2,0
2026-10-08T19:12:24Z,NT,2026,4.0,Croatia,Spain,2026-10-06T18:45:00Z,half_walkforward_v1,resolved,16.9,20.2,62.9,69.2,63.9,False,0.6332004302224413,1.3985198613333838,0.562136306482955,1.000240454123484,1,2,1,0
2026-10-08T19:12:24Z,NT,2026,4.0,Switzerland,North Macedonia,2026-10-06T18:45:00Z,half_walkforward_v1,resolved,52.8,24.9,22.3,57.2,58.2,False,1.373040996552002,0.37176571156941934,0.5484100530478322,0.7786330639638406,3,0,1,0
2026-10-08T19:12:24Z,NT,2026,4.0,Scotland,Slovenia,2026-10-06T18:45:00Z,half_walkforward_v1,resolved,32.3,34.2,33.6,30.5,39.8,False,0.23326293596655515,0.46413225347638815,0.7195317691303763,0.5060815365979042,1,2,1,0
