fetched_at,competition,window_from,window_to,event_id,commence_time,home_team,away_team,co_home,co_home_book,co_draw,co_draw_book,co_away,co_away_book,co_over,co_over_book,co_under,co_under_book,co_dc_1x,co_dc_1x_book,co_dc_x2,co_dc_x2_book,all_home,all_home_book,all_draw,all_draw_book,all_away,all_away_book,all_over,all_over_book,all_under,all_under_book,all_dc_1x,all_dc_1x_book,all_dc_x2,all_dc_x2_book
2026-10-05T19:20:07Z,NT,2026-10-06T00:00:00Z,2026-10-07T00:00:00Z,2b8ee7414d7336408e155d4f35599d8e,2026-10-06T14:00:00Z,Kazakhstan,Faroe Islands,2.4,1xBet,3.1,1xBet,3.42,1xBet,2.53,1xBet,1.57,1xBet,1.353,1xBet,1.626,1xBet,2.5,Betfair,3.15,Betfair,3.42,1xBet,2.53,1xBet,1.57,1xBet,1.394,Betfair,1.635,Betfair
2026-10-05T19:20:07Z,NT,2026-10-06T00:00:00Z,2026-10-07T00:00:00Z,b482dc6936da27dfacadb83fdcaf898d,2026-10-06T18:45:00Z,Albania,San Marino,1.03,1xBet,21.0,1xBet,55.0,1xBet,,,,,,,15.197,1xBet,1.03,Betfair,36.0,Betfair,85.0,Betfair,1.17,William Hill,4.75,William Hill,1.001,Betfair,25.289,Betfair
2026-10-05T19:20:07Z,NT,2026-10-06T00:00:00Z,2026-10-07T00:00:00Z,47bd936e6a94ddd84a6ad08926d0379b,2026-10-06T18:45:00Z,Belarus,Finland,4.09,1xBet,3.48,1xBet,2.0,1xBet,2.32,1xBet,1.67,1xBet,1.88,1xBet,1.27,1xBet,4.1,Betfair,3.55,Betfair,2.04,Betfair,2.32,1xBet,1.67,1xBet,1.903,Betfair,1.296,Betfair
2026-10-05T19:20:07Z,NT,2026-10-06T00:00:00Z,2026-10-07T00:00:00Z,ed18949608b83e25d1556c5081e43ba8,2026-10-06T18:45:00Z,Luxembourg,Bulgaria,2.13,1xBet,3.38,1xBet,3.74,1xBet,2.5,1xBet,1.58,1xBet,1.307,1xBet,1.775,1xBet,2.2,Betfair,3.45,Betfair,3.8,Betfair,2.5,1xBet,1.58,1xBet,1.343,Betfair,1.808,Betfair
2026-10-05T19:20:07Z,NT,2026-10-06T00:00:00Z,2026-10-07T00:00:00Z,5d9aac1a239e87ecc555aba2fe4426cf,2026-10-06T18:45:00Z,Croatia,Spain,10.5,Betsson,6.15,1xBet,1.3,1xBet,1.44,Betsson,2.72,Betsson,3.808,1xBet,1.073,1xBet,11.5,Betfair,6.6,Betfair,1.3,1xBet,1.44,Nordic Bet,2.72,Nordic Bet,4.193,Betfair,1.086,Betfair
2026-10-05T19:20:07Z,NT,2026-10-06T00:00:00Z,2026-10-07T00:00:00Z,8012c0d9c6c0b99e57d9465837c5ae94,2026-10-06T18:45:00Z,England,Czech Republic,1.14,1xBet,9.1,1xBet,27.0,Betsson,1.37,Betsson,3.05,Betsson,1.013,1xBet,6.598,1xBet,1.14,1xBet,10.5,Betfair,30.0,Betfair,1.37,Betsson,3.1,William Hill,1.028,Betfair,7.778,Betfair
2026-10-05T19:20:07Z,NT,2026-10-06T00:00:00Z,2026-10-07T00:00:00Z,2718bb0aea7bb7aa60419612ff9341ff,2026-10-06T18:45:00Z,Estonia,Iceland,5.9,Betsson,4.14,1xBet,1.62,1xBet,1.94,1xBet,1.94,1xBet,2.417,1xBet,1.164,1xBet,6.2,Betfair,4.3,Betfair,1.63,Betfair,1.94,1xBet,1.94,1xBet,2.539,Betfair,1.182,Betfair
2026-10-05T19:20:07Z,NT,2026-10-06T00:00:00Z,2026-10-07T00:00:00Z,e32fea4406b5fdba3a733019ad3059ad,2026-10-06T18:45:00Z,Moldova,Slovakia,7.8,Betsson,4.85,1xBet,1.44,1xBet,1.79,1xBet,2.12,1xBet,2.983,1xBet,1.11,1xBet,9.0,Betfair,4.85,1xBet,1.44,Betfair,1.82,BetAnything,2.12,1xBet,3.13,Betfair,1.11,1xBet
2026-10-05T19:20:07Z,NT,2026-10-06T00:00:00Z,2026-10-07T00:00:00Z,fefdbdc59cf8fd0495796f9b372d0152,2026-10-06T18:45:00Z,Switzerland,North Macedonia,1.11,1xBet,10.2,1xBet,38.0,Betsson,1.39,Betsson,2.92,Betsson,1.001,1xBet,7.546,1xBet,1.13,Unibet (SE),11.5,Betfair,38.0,Nordic Bet,1.39,Nordic Bet,2.92,Nordic Bet,1.021,Betfair,8.716,Betfair
2026-10-05T19:20:07Z,NT,2026-10-06T00:00:00Z,2026-10-07T00:00:00Z,bc11b98f6ba1da1f5d5d051fd14cd197,2026-10-06T18:45:00Z,Scotland,Slovenia,1.82,1xBet,3.63,1xBet,4.9,Betsson,2.32,1xBet,1.67,1xBet,1.212,1xBet,2.076,1xBet,1.82,1xBet,3.85,Betfair,5.3,Betfair,2.32,1xBet,1.67,1xBet,1.222,Betfair,2.23,Betfair
