logged_at,resolved_at,competition,season,matchday,home_team,away_team,source,pred_home_pct,pred_draw_pct,pred_away_pct,home_xg,away_xg,over_2_5_pct,btts_pct,low_confidence,status,actual_home_goals,actual_away_goals,actual_result,favored_side,hit,actual_over_2_5,hit_over_2_5,actual_btts,hit_btts,pred_corners_expected,pred_corners_line,pred_corners_probable,pred_faltas_expected,pred_faltas_line,pred_faltas_probable,pred_tarjetas_expected,pred_tarjetas_line,pred_tarjetas_probable,actual_corners_total,actual_faltas_total,actual_tarjetas_total,hit_corners,hit_faltas,hit_tarjetas
2026-09-07T00:00:00Z,2026-09-11T00:00:00Z,CL,2026,1,AEK Athens,LASK,dashboard_v1_qualitative,50.0,28.0,22.0,,,,,False,resolved,1.0,0.0,H,H,True,,,,,,,,,,,,,,,,,,,
2026-09-07T00:00:00Z,2026-09-11T00:00:00Z,CL,2026,1,Club Brugge,Aston Villa,dashboard_v1_qualitative,38.0,27.0,35.0,,,,,False,resolved,2.0,3.0,A,H,False,,,,,,,,,,,,,,,,,,,
2026-09-07T00:00:00Z,2026-09-11T00:00:00Z,CL,2026,1,Borussia Dortmund,Villarreal,dashboard_v1_qualitative,52.0,24.0,24.0,,,,,False,resolved,3.0,2.0,H,H,True,,,,,,,,,,,,,,,,,,,
2026-09-07T00:00:00Z,2026-09-11T00:00:00Z,CL,2026,1,Porto,Manchester City,dashboard_v1_qualitative,22.0,23.0,55.0,,,,,False,resolved,0.0,2.0,A,A,True,,,,,,,,,,,,,,,,,,,
2026-09-07T00:00:00Z,2026-09-11T00:00:00Z,CL,2026,1,Lille,Real Betis,dashboard_v1_qualitative,39.0,27.0,34.0,,,,,False,resolved,2.0,3.0,A,H,False,,,,,,,,,,,,,,,,,,,
2026-09-07T00:00:00Z,2026-09-11T00:00:00Z,CL,2026,1,Real Madrid,Inter,dashboard_v1_qualitative,50.0,27.0,23.0,,,,,False,resolved,2.0,1.0,H,H,True,,,,,,,,,,,,,,,,,,,
2026-09-07T00:00:00Z,2026-09-11T00:00:00Z,CL,2026,1,Barcelona,Feyenoord,dashboard_v1_qualitative,68.0,19.0,13.0,,,,,False,resolved,5.0,1.0,H,H,True,,,,,,,,,,,,,,,,,,,
2026-09-07T00:00:00Z,2026-09-11T00:00:00Z,CL,2026,1,Stuttgart,Viking,dashboard_v1_qualitative,66.0,20.0,14.0,,,,,False,resolved,3.0,1.0,H,H,True,,,,,,,,,,,,,,,,,,,
2026-09-07T00:00:00Z,2026-09-11T00:00:00Z,CL,2026,1,Liverpool,Atlético de Madrid,dashboard_v1_qualitative,48.0,28.0,24.0,,,,,False,resolved,2.0,1.0,H,H,True,,,,,,,,,,,,,,,,,,,
2026-09-07T00:00:00Z,2026-09-11T00:00:00Z,CL,2026,1,Paris Saint-Germain,Slovan Bratislava,dashboard_v1_qualitative,62.0,20.0,18.0,,,,,False,resolved,6.0,1.0,H,H,True,,,,,,,,,,,,,,,,,,,
2026-09-07T00:00:00Z,2026-09-11T00:00:00Z,CL,2026,1,Sporting CP,Galatasaray,dashboard_v1_qualitative,40.0,26.0,34.0,,,,,False,resolved,3.0,1.0,H,H,True,,,,,,,,,,,,,,,,,,,
2026-09-07T00:00:00Z,2026-09-11T00:00:00Z,CL,2026,1,Napoli,Arsenal,dashboard_v1_qualitative,32.0,27.0,41.0,,,,,False,resolved,0.0,1.0,A,A,True,,,,,,,,,,,,,,,,,,,
2026-09-07T00:00:00Z,2026-09-11T00:00:00Z,CL,2026,1,Fenerbahçe,Roma,dashboard_v1_qualitative,37.0,28.0,35.0,,,,,False,resolved,1.0,1.0,D,H,False,,,,,,,,,,,,,,,,,,,
2026-09-07T00:00:00Z,2026-09-11T00:00:00Z,CL,2026,1,PSV Eindhoven,Shakhtar Donetsk,dashboard_v1_qualitative,51.0,27.0,22.0,,,,,False,resolved,1.0,1.0,D,H,False,,,,,,,,,,,,,,,,,,,
2026-09-07T00:00:00Z,2026-09-11T00:00:00Z,CL,2026,1,Como,Leipzig,dashboard_v1_qualitative,33.0,28.0,39.0,,,,,False,resolved,4.0,1.0,H,A,False,,,,,,,,,,,,,,,,,,,
2026-09-07T00:00:00Z,2026-09-11T00:00:00Z,CL,2026,1,Bayern München,Bodø/Glimt,dashboard_v1_qualitative,78.0,14.0,8.0,,,,,False,resolved,5.0,0.0,H,H,True,,,,,,,,,,,,,,,,,,,
2026-09-07T00:00:00Z,2026-09-11T00:00:00Z,CL,2026,1,Manchester United,Sabah,dashboard_v1_qualitative,80.0,13.0,7.0,,,,,False,resolved,4.0,0.0,H,H,True,,,,,,,,,,,,,,,,,,,
2026-09-07T00:00:00Z,2026-09-11T00:00:00Z,CL,2026,1,Slavia Praha,Lens,dashboard_v1_qualitative,34.0,28.0,38.0,,,,,False,resolved,2.0,3.0,A,A,True,,,,,,,,,,,,,,,,,,,
2026-09-12T01:58:58Z,2026-09-15T01:31:04Z,PL,2026,4,Crystal Palace FC,Ipswich Town FC,model_poisson_v1,41.1,23.3,35.6,1.67,1.54,62.4,63.9,True,resolved,2.0,3.0,A,H,False,True,True,True,True,,,,,,,,,,,,,,,
2026-09-12T01:58:58Z,2026-09-15T01:31:04Z,PL,2026,4,Liverpool FC,Fulham FC,model_poisson_v1,61.4,22.3,16.3,1.83,0.82,49.5,47.0,False,resolved,0.0,0.0,D,H,False,False,True,False,True,,,,,,,,,,,,,,,
2026-09-12T01:58:58Z,2026-09-15T01:31:04Z,PL,2026,4,Aston Villa FC,Nottingham Forest FC,model_poisson_v1,41.7,24.4,33.9,1.56,1.39,56.5,59.3,False,resolved,1.0,2.0,A,H,False,True,True,True,True,,,,,,,,,,,,,,,
2026-09-12T01:58:58Z,2026-09-15T01:31:04Z,PL,2026,4,AFC Bournemouth,Brentford FC,model_poisson_v1,50.0,25.4,24.6,1.56,1.02,47.6,50.4,False,resolved,2.0,2.0,D,H,False,True,False,True,True,,,,,,,,,,,,,,,
2026-09-12T01:58:58Z,2026-09-15T01:31:04Z,PL,2026,4,Chelsea FC,Hull City AFC,model_poisson_v1,31.9,27.2,40.9,1.13,1.31,44.1,49.5,True,resolved,2.0,2.0,D,A,False,True,False,True,False,,,,,,,,,,,,,,,
2026-09-12T01:58:58Z,2026-09-15T01:31:04Z,PL,2026,4,Tottenham Hotspur FC,Everton FC,model_poisson_v1,24.3,26.6,49.1,0.94,1.45,42.8,46.7,False,resolved,0.0,0.0,D,A,False,False,True,False,True,,,,,,,,,,,,,,,
2026-09-12T01:58:58Z,2026-09-15T01:31:04Z,PL,2026,4,Sunderland AFC,Arsenal FC,model_poisson_v1,22.8,29.2,48.0,0.78,1.27,33.5,38.8,False,resolved,0.0,2.0,A,A,True,False,True,False,True,,,,,,,,,,,,,,,
2026-09-12T01:58:58Z,2026-09-15T01:31:04Z,PL,2026,4,Coventry City FC,Brighton & Hove Albion FC,model_poisson_v1,34.4,28.2,37.4,1.13,1.19,40.9,47.0,True,resolved,0.0,5.0,A,A,True,True,False,False,True,,,,,,,,,,,,,,,
2026-09-12T01:58:58Z,2026-09-15T01:31:04Z,PL,2026,4,Manchester United FC,Manchester City FC,model_poisson_v1,34.2,22.5,43.4,1.6,1.82,66.3,66.8,False,resolved,0.0,1.0,A,A,True,False,False,False,False,,,,,,,,,,,,,,,
2026-09-12T01:58:58Z,2026-09-15T01:31:04Z,PL,2026,4,Leeds United FC,Newcastle United FC,model_poisson_v1,44.8,28.8,26.4,1.26,0.9,36.7,42.5,False,resolved,4.0,1.0,H,H,True,True,False,True,False,,,,,,,,,,,,,,,
2026-09-12T01:59:01Z,2026-09-15T01:31:04Z,PD,2026,5,Real Racing Club de Santander,Deportivo Alavés,model_poisson_v1,52.3,21.9,25.8,1.97,1.33,63.9,63.2,True,resolved,2.0,1.0,H,H,True,True,True,True,True,,,,,,,,,,,,,,,
2026-09-12T01:59:01Z,2026-09-15T01:31:04Z,PD,2026,5,CA Osasuna,RCD Espanyol de Barcelona,model_poisson_v1,47.2,24.9,27.8,1.58,1.16,51.6,54.5,False,resolved,0.0,2.0,A,H,False,False,False,False,False,,,,,,,,,,,,,,,
2026-09-12T01:59:01Z,2026-09-15T01:31:04Z,PD,2026,5,Athletic Club,Elche CF,model_poisson_v1,49.1,25.2,25.7,1.57,1.07,49.1,52.0,False,resolved,1.0,1.0,D,H,False,False,True,True,True,,,,,,,,,,,,,,,
2026-09-12T01:59:01Z,2026-09-15T01:31:04Z,PD,2026,5,Real Madrid CF,Rayo Vallecano de Madrid,model_poisson_v1,77.0,14.6,8.4,2.57,0.73,64.1,47.9,False,resolved,4.0,1.0,H,H,True,True,True,True,False,,,,,,,,,,,,,,,
2026-09-12T01:59:01Z,2026-09-15T01:31:04Z,PD,2026,5,RC Celta de Vigo,Málaga CF,model_poisson_v1,62.6,21.2,16.2,1.96,0.88,54.2,50.5,True,resolved,1.0,1.0,D,H,False,False,False,True,True,,,,,,,,,,,,,,,
2026-09-12T01:59:01Z,2026-09-15T01:31:04Z,PD,2026,5,Levante UD,FC Barcelona,model_poisson_v1,15.2,16.2,68.6,1.26,2.75,76.2,66.9,False,resolved,2.0,4.0,A,A,True,True,True,True,True,,,,,,,,,,,,,,,
2026-09-12T01:59:01Z,2026-09-15T01:31:04Z,PD,2026,5,Getafe CF,RC Deportivo La Coruña,model_poisson_v1,32.5,29.7,37.7,1.01,1.11,35.6,42.6,True,resolved,1.0,1.0,D,A,False,False,True,True,False,,,,,,,,,,,,,,,
2026-09-12T01:59:01Z,2026-09-15T01:31:04Z,PD,2026,5,Real Sociedad de Fútbol,Club Atlético de Madrid,model_poisson_v1,41.0,23.0,36.1,1.71,1.6,64.2,65.3,False,resolved,0.0,3.0,A,H,False,True,True,False,False,,,,,,,,,,,,,,,
2026-09-12T01:59:01Z,2026-09-15T01:31:04Z,PD,2026,5,Villarreal CF,Real Betis Balompié,model_poisson_v1,62.7,18.5,18.8,2.42,1.28,71.4,65.7,False,resolved,1.0,2.0,A,H,False,True,True,True,True,,,,,,,,,,,,,,,
2026-09-12T01:59:03Z,2026-09-15T01:31:04Z,SA,2026,4,Genoa CFC,Frosinone Calcio,model_poisson_v1,14.3,20.1,65.6,0.84,2.05,55.2,49.5,True,resolved,1.0,1.0,D,A,False,False,False,True,False,,,,,,,,,,,,,,,
2026-09-12T01:59:03Z,2026-09-15T01:31:04Z,SA,2026,4,SS Lazio,AC Milan,model_poisson_v1,22.2,26.0,51.8,0.89,1.52,43.3,46.1,False,resolved,2.0,2.0,D,A,False,True,False,True,False,,,,,,,,,,,,,,,
2026-09-12T01:59:03Z,2026-09-15T01:31:05Z,SA,2026,4,Atalanta BC,Cagliari Calcio,model_poisson_v1,57.7,25.8,16.5,1.53,0.68,37.8,38.5,False,resolved,1.0,2.0,A,H,False,True,False,True,False,,,,,,,,,,,,,,,
2026-09-12T01:59:03Z,2026-09-15T01:31:05Z,SA,2026,4,US Lecce,AC Monza,model_poisson_v1,29.2,28.0,42.8,1.01,1.29,40.4,46.1,True,resolved,3.0,2.0,H,A,False,True,False,True,False,,,,,,,,,,,,,,,
2026-09-12T01:59:03Z,2026-09-15T01:31:05Z,SA,2026,4,SSC Napoli,Bologna FC 1909,model_poisson_v1,44.1,24.9,31.1,1.56,1.27,53.6,56.7,False,resolved,1.0,0.0,H,H,True,False,False,False,False,,,,,,,,,,,,,,,
2026-09-12T01:59:03Z,2026-09-15T01:31:05Z,SA,2026,4,US Sassuolo Calcio,Juventus FC,model_poisson_v1,25.1,26.0,48.8,0.99,1.5,45.4,48.9,False,resolved,3.0,2.0,H,A,False,True,False,True,False,,,,,,,,,,,,,,,
2026-09-12T01:59:03Z,2026-09-15T01:31:05Z,SA,2026,4,Como 1907,Parma Calcio 1913,model_poisson_v1,65.3,24.0,10.8,1.61,0.48,34.8,30.7,False,resolved,2.0,1.0,H,H,True,True,False,True,False,,,,,,,,,,,,,,,
2026-09-12T01:59:03Z,2026-09-15T01:31:05Z,SA,2026,4,Torino FC,AS Roma,model_poisson_v1,23.8,22.7,53.5,1.17,1.86,58.3,58.2,False,resolved,0.0,2.0,A,A,True,False,False,False,False,,,,,,,,,,,,,,,
2026-09-12T01:59:03Z,2026-09-15T01:31:05Z,SA,2026,4,FC Internazionale Milano,Udinese Calcio,model_poisson_v1,71.8,15.2,13.0,2.83,1.16,76.0,64.7,False,resolved,5.0,3.0,H,H,True,True,True,True,True,,,,,,,,,,,,,,,
2026-09-12T01:59:06Z,2026-09-15T01:31:05Z,BL1,2026,3,TSG 1899 Hoffenheim,VfB Stuttgart,model_poisson_v1,45.2,19.7,35.1,2.31,2.04,80.8,78.3,False,resolved,2.0,1.0,H,H,True,True,True,True,True,,,,,,,,,,,,,,,
2026-09-12T01:59:06Z,2026-09-15T01:31:05Z,BL1,2026,3,Borussia Dortmund,SC Paderborn 07,model_poisson_v1,60.5,23.7,15.8,1.69,0.73,43.6,42.2,True,resolved,3.0,0.0,H,H,True,True,False,False,True,,,,,,,,,,,,,,,
2026-09-12T01:59:06Z,2026-09-15T01:31:05Z,BL1,2026,3,FC Augsburg,Bayer 04 Leverkusen,model_poisson_v1,32.5,22.6,44.9,1.53,1.82,65.0,65.6,False,resolved,2.0,2.0,D,A,False,True,True,True,True,,,,,,,,,,,,,,,
2026-09-12T01:59:06Z,2026-09-15T01:31:05Z,BL1,2026,3,1. FSV Mainz 05,Eintracht Frankfurt,model_poisson_v1,33.4,22.7,43.9,1.54,1.79,64.6,65.4,False,resolved,1.0,3.0,A,A,True,True,True,True,True,,,,,,,,,,,,,,,
2026-09-12T01:59:06Z,2026-09-15T01:31:05Z,BL1,2026,3,SC Freiburg,Borussia Mönchengladbach,model_poisson_v1,61.6,21.1,17.3,1.99,0.95,56.3,52.9,False,resolved,5.0,0.0,H,H,True,True,True,False,False,,,,,,,,,,,,,,,
2026-09-12T01:59:06Z,2026-09-15T01:31:05Z,BL1,2026,3,1. FC Köln,SV Werder Bremen,model_poisson_v1,50.0,22.7,27.3,1.85,1.32,61.3,61.7,False,resolved,1.0,1.0,D,H,False,False,False,True,True,,,,,,,,,,,,,,,
2026-09-12T01:59:06Z,2026-09-15T01:31:05Z,BL1,2026,3,RB Leipzig,Hamburger SV,model_poisson_v1,74.3,16.2,9.5,2.39,0.73,60.4,47.1,False,resolved,5.0,0.0,H,H,True,True,True,False,True,,,,,,,,,,,,,,,
2026-09-12T01:59:06Z,2026-09-15T01:31:05Z,BL1,2026,3,SV 07 Elversberg,FC Bayern München,model_poisson_v1,12.5,14.3,73.2,1.24,3.03,79.9,67.7,True,resolved,1.0,2.0,A,A,True,True,True,True,True,,,,,,,,,,,,,,,
2026-09-12T01:59:09Z,2026-09-15T01:31:05Z,FL1,2026,4,RC Strasbourg Alsace,AS Monaco FC,model_poisson_v1,48.7,22.7,28.6,1.85,1.37,62.5,62.9,False,resolved,1.0,1.0,D,H,False,False,False,True,True,,,,,,,,,,,,,,,
2026-09-12T01:59:09Z,2026-09-15T01:31:05Z,FL1,2026,4,FC Lorient,Toulouse FC,model_poisson_v1,37.9,23.4,38.7,1.59,1.61,62.0,63.7,False,resolved,2.0,2.0,D,A,False,True,True,True,True,,,,,,,,,,,,,,,
2026-09-12T01:59:09Z,2026-09-15T01:31:05Z,FL1,2026,4,AJ Auxerre,OGC Nice,model_poisson_v1,47.6,27.3,25.1,1.39,0.93,40.8,45.4,False,resolved,1.0,0.0,H,H,True,False,True,False,True,,,,,,,,,,,,,,,
2026-09-12T01:59:09Z,2026-09-15T01:31:05Z,FL1,2026,4,Le Havre AC,Angers SCO,model_poisson_v1,46.3,30.3,23.4,1.19,0.75,30.8,36.8,False,resolved,0.0,0.0,D,H,False,False,True,False,True,,,,,,,,,,,,,,,
2026-09-12T01:59:09Z,2026-09-15T01:31:05Z,FL1,2026,4,Paris FC,Olympique Lyonnais,model_poisson_v1,33.1,24.3,42.6,1.37,1.59,56.8,59.4,False,resolved,0.0,0.0,D,A,False,False,False,False,False,,,,,,,,,,,,,,,
2026-09-12T01:59:09Z,2026-09-15T01:31:05Z,FL1,2026,4,Lille OSC,ES Troyes AC,model_poisson_v1,38.8,26.5,34.7,1.33,1.24,47.5,52.3,True,resolved,2.0,0.0,H,H,True,False,True,False,False,,,,,,,,,,,,,,,
2026-09-12T01:59:09Z,2026-09-15T01:31:05Z,FL1,2026,4,Le Mans FC,Racing Club de Lens,model_poisson_v1,28.9,21.9,49.1,1.46,1.95,66.2,65.9,True,resolved,2.0,2.0,D,A,False,True,True,True,True,,,,,,,,,,,,,,,
2026-09-12T01:59:09Z,2026-09-15T01:31:05Z,FL1,2026,4,Stade Brestois 29,Paris Saint-Germain FC,model_poisson_v1,23.0,21.5,55.5,1.23,2.01,62.7,61.1,False,resolved,0.0,1.0,A,A,True,False,False,False,False,,,,,,,,,,,,,,,
2026-09-15T01:19:44Z,2026-10-04T15:26:09Z,PL,2026,5,Brentford FC,Chelsea FC,model_poisson_v1,43.7,23.6,32.7,1.69,1.43,60.3,62.0,False,resolved,3.0,0.0,H,H,True,True,True,False,False,,,,,,,,,,,,,,,
2026-09-15T01:19:44Z,2026-10-04T15:26:09Z,PL,2026,5,Tottenham Hotspur FC,Aston Villa FC,model_poisson_v1,28.5,26.5,45.0,1.08,1.43,45.7,50.1,False,resolved,2.0,3.0,A,A,True,True,False,True,True,,,,,,,,,,,,,,,
2026-09-15T01:19:44Z,2026-10-04T15:26:09Z,PL,2026,5,Everton FC,Ipswich Town FC,model_poisson_v1,45.0,20.3,34.7,2.19,1.92,77.7,75.8,True,resolved,1.0,0.0,H,H,True,False,False,False,False,,,,,,,,,,,,,,,
2026-09-15T01:19:44Z,2026-10-04T15:26:09Z,PL,2026,5,Brighton & Hove Albion FC,Arsenal FC,model_poisson_v1,27.1,28.6,44.3,0.93,1.27,37.7,43.5,False,resolved,3.0,0.0,H,A,False,True,False,False,True,,,,,,,,,,,,,,,
2026-09-15T01:19:44Z,2026-10-04T15:26:09Z,PL,2026,5,Newcastle United FC,Hull City AFC,model_poisson_v1,36.4,23.0,40.7,1.6,1.7,64.2,65.3,True,resolved,2.0,1.0,H,A,False,True,True,True,True,,,,,,,,,,,,,,,
2026-09-15T01:19:44Z,2026-10-04T15:26:09Z,PL,2026,5,Nottingham Forest FC,Coventry City FC,model_poisson_v1,46.7,31.2,22.1,1.15,0.69,28.1,34.2,True,resolved,0.0,1.0,A,H,False,False,True,False,True,,,,,,,,,,,,,,,
2026-09-15T01:19:44Z,2026-10-04T15:26:09Z,PL,2026,5,AFC Bournemouth,Liverpool FC,model_poisson_v1,44.0,23.9,32.0,1.65,1.38,58.3,60.4,False,resolved,0.0,1.0,A,H,False,False,False,False,False,,,,,,,,,,,,,,,
2026-09-15T01:19:44Z,2026-10-04T15:26:09Z,PL,2026,5,Leeds United FC,Crystal Palace FC,model_poisson_v1,49.8,24.8,25.4,1.61,1.08,50.3,52.7,False,resolved,0.0,0.0,D,H,False,False,False,False,False,,,,,,,,,,,,,,,
2026-09-15T01:19:44Z,2026-10-04T15:26:09Z,PL,2026,5,Manchester City FC,Sunderland AFC,model_poisson_v1,73.1,17.9,9.0,2.13,0.6,51.3,39.6,False,resolved,5.0,3.0,H,H,True,True,True,True,False,,,,,,,,,,,,,,,
2026-09-15T01:19:44Z,2026-10-04T15:26:09Z,PL,2026,5,Fulham FC,Manchester United FC,model_poisson_v1,38.6,24.3,37.1,1.52,1.49,57.9,60.5,False,resolved,1.0,1.0,D,H,False,False,False,True,True,,,,,,,,,,,,,,,
2026-09-15T01:19:44Z,2026-10-04T15:26:09Z,PD,2026,7,RCD Espanyol de Barcelona,Elche CF,model_poisson_v1,45.5,25.8,28.7,1.48,1.12,48.4,52.2,False,resolved,1.0,3.0,A,H,False,True,False,True,True,,,,,,,,,,,,,,,
2026-09-15T01:19:44Z,2026-10-04T15:26:09Z,PD,2026,7,CA Osasuna,Rayo Vallecano de Madrid,model_poisson_v1,52.8,24.4,22.8,1.66,1.0,49.8,51.4,False,resolved,1.0,1.0,D,H,False,False,True,True,True,,,,,,,,,,,,,,,
2026-09-15T01:19:44Z,2026-10-04T15:26:09Z,PD,2026,7,Athletic Club,Deportivo Alavés,model_poisson_v1,43.0,28.0,29.0,1.3,1.01,40.6,46.2,False,resolved,0.0,0.0,D,H,False,False,True,False,True,,,,,,,,,,,,,,,
2026-09-15T01:19:44Z,2026-10-04T15:26:09Z,PD,2026,7,RC Celta de Vigo,Real Racing Club de Santander,model_poisson_v1,42.2,24.3,33.5,1.58,1.38,56.9,59.5,True,resolved,5.0,0.0,H,H,True,True,True,False,False,,,,,,,,,,,,,,,
2026-09-15T01:19:44Z,2026-10-04T15:26:09Z,PD,2026,7,Sevilla FC,FC Barcelona,model_poisson_v1,14.5,17.2,68.4,1.08,2.51,69.6,60.8,False,resolved,1.0,3.0,A,A,True,True,True,True,True,,,,,,,,,,,,,,,
2026-09-15T01:19:44Z,2026-10-04T15:26:09Z,PD,2026,7,Getafe CF,Málaga CF,model_poisson_v1,54.3,29.6,16.1,1.27,0.55,27.7,30.6,True,resolved,1.0,0.0,H,H,True,False,True,False,True,,,,,,,,,,,,,,,
2026-09-15T01:19:44Z,2026-10-04T15:26:09Z,PD,2026,7,Club Atlético de Madrid,Real Madrid CF,model_poisson_v1,38.7,26.2,35.1,1.35,1.27,48.7,53.3,False,resolved,2.0,1.0,H,H,True,True,False,True,True,,,,,,,,,,,,,,,
2026-09-15T01:19:44Z,2026-10-04T15:26:09Z,PD,2026,7,RC Deportivo La Coruña,Real Betis Balompié,model_poisson_v1,48.9,23.4,27.7,1.76,1.27,58.3,59.5,True,resolved,1.0,1.0,D,H,False,False,False,True,True,,,,,,,,,,,,,,,
2026-09-15T01:19:44Z,2026-10-04T15:26:09Z,PD,2026,7,Villarreal CF,Levante UD,model_poisson_v1,68.7,17.6,13.7,2.39,0.98,65.4,56.6,False,resolved,3.0,1.0,H,H,True,True,True,True,True,,,,,,,,,,,,,,,
2026-09-15T01:19:44Z,2026-10-04T15:26:09Z,PD,2026,7,Valencia CF,Real Sociedad de Fútbol,model_poisson_v1,37.2,26.0,36.9,1.34,1.33,50.0,54.4,False,resolved,2.0,3.0,A,H,False,True,True,True,True,,,,,,,,,,,,,,,
2026-09-15T01:19:44Z,2026-10-04T15:26:09Z,SA,2026,5,AC Monza,US Sassuolo Calcio,model_poisson_v1,36.4,23.9,39.7,1.51,1.59,59.8,62.0,True,resolved,2.0,1.0,H,A,False,True,True,True,True,,,,,,,,,,,,,,,
2026-09-15T01:19:44Z,2026-10-04T15:26:09Z,SA,2026,5,Bologna FC 1909,Torino FC,model_poisson_v1,44.7,27.3,28.0,1.36,1.02,42.6,47.5,False,resolved,1.0,1.0,D,H,False,False,True,True,False,,,,,,,,,,,,,,,
2026-09-15T01:19:44Z,2026-10-04T15:26:09Z,SA,2026,5,Udinese Calcio,Cagliari Calcio,model_poisson_v1,38.4,29.8,31.8,1.12,0.99,35.2,42.3,False,resolved,0.0,1.0,A,H,False,False,True,False,True,,,,,,,,,,,,,,,
2026-09-15T01:19:44Z,2026-10-04T15:26:09Z,SA,2026,5,AS Roma,FC Internazionale Milano,model_poisson_v1,46.2,27.3,26.5,1.37,0.97,41.5,46.3,False,resolved,2.0,2.0,D,H,False,True,False,True,False,,,,,,,,,,,,,,,
2026-09-15T01:19:44Z,2026-10-04T15:26:09Z,SA,2026,5,Venezia FC,SS Lazio,model_poisson_v1,20.4,27.8,51.8,0.75,1.38,35.9,39.6,True,resolved,0.0,2.0,A,A,True,False,True,False,True,,,,,,,,,,,,,,,
2026-09-15T01:19:44Z,2026-10-04T15:26:10Z,SA,2026,5,ACF Fiorentina,SSC Napoli,model_poisson_v1,23.1,27.2,49.7,0.86,1.41,39.6,43.7,False,resolved,1.0,1.0,D,A,False,False,True,True,False,,,,,,,,,,,,,,,
2026-09-15T01:19:44Z,2026-10-04T15:26:10Z,SA,2026,5,Frosinone Calcio,Como 1907,model_poisson_v1,18.3,22.9,58.7,0.89,1.79,50.2,49.1,True,resolved,2.0,0.0,H,A,False,False,False,False,True,,,,,,,,,,,,,,,
2026-09-15T01:19:44Z,2026-10-04T15:26:10Z,SA,2026,5,Parma Calcio 1913,Genoa CFC,model_poisson_v1,29.6,31.4,39.0,0.87,1.05,30.3,37.9,False,resolved,2.0,1.0,H,A,False,True,False,True,False,,,,,,,,,,,,,,,
2026-09-15T01:19:44Z,2026-10-04T15:26:10Z,SA,2026,5,Juventus FC,Atalanta BC,model_poisson_v1,51.7,25.3,23.0,1.58,0.96,46.5,48.9,False,resolved,2.0,0.0,H,H,True,False,True,False,True,,,,,,,,,,,,,,,
2026-09-15T01:19:44Z,2026-10-04T15:26:10Z,SA,2026,5,AC Milan,US Lecce,model_poisson_v1,50.1,28.3,21.6,1.33,0.77,35.2,39.6,False,resolved,3.0,0.0,H,H,True,True,False,False,True,,,,,,,,,,,,,,,
2026-09-15T01:19:45Z,2026-10-04T15:26:10Z,BL1,2026,4,FC Bayern München,1. FC Union Berlin,model_poisson_v1,89.7,6.7,3.6,4.04,0.85,86.3,56.1,False,resolved,7.0,0.0,H,H,True,True,True,False,False,,,,,,,,,,,,,,,
2026-09-15T01:19:45Z,2026-10-04T15:26:10Z,BL1,2026,4,Hamburger SV,1. FC Köln,model_poisson_v1,47.1,24.7,28.2,1.61,1.19,53.0,55.6,False,resolved,2.0,1.0,H,H,True,True,True,True,True,,,,,,,,,,,,,,,
2026-09-15T01:19:45Z,2026-10-04T15:26:10Z,BL1,2026,4,Borussia Mönchengladbach,1. FSV Mainz 05,model_poisson_v1,31.8,24.1,44.1,1.35,1.63,57.2,59.6,False,resolved,3.0,4.0,A,A,True,True,True,True,True,,,,,,,,,,,,,,,
2026-09-15T01:19:45Z,2026-10-04T15:26:10Z,BL1,2026,4,SV Werder Bremen,FC Augsburg,model_poisson_v1,32.2,24.3,43.5,1.35,1.6,56.6,59.1,False,resolved,3.0,2.0,H,A,False,True,True,True,True,,,,,,,,,,,,,,,
2026-09-15T01:19:45Z,2026-10-04T15:26:10Z,BL1,2026,4,Eintracht Frankfurt,SC Freiburg,model_poisson_v1,49.1,23.2,27.7,1.78,1.29,59.2,60.2,False,resolved,2.0,2.0,D,H,False,True,True,True,True,,,,,,,,,,,,,,,
2026-09-15T01:19:45Z,2026-10-04T15:26:10Z,BL1,2026,4,VfB Stuttgart,Borussia Dortmund,model_poisson_v1,36.6,27.1,36.3,1.25,1.24,45.4,50.7,False,resolved,0.0,1.0,A,H,False,False,True,False,False,,,,,,,,,,,,,,,
2026-09-15T01:19:45Z,2026-10-04T15:26:10Z,BL1,2026,4,Bayer 04 Leverkusen,RB Leipzig,model_poisson_v1,59.2,20.7,20.1,2.09,1.14,62.7,59.6,False,resolved,2.0,0.0,H,H,True,False,False,False,False,,,,,,,,,,,,,,,
2026-09-15T01:19:45Z,2026-10-04T15:26:10Z,BL1,2026,4,FC Schalke 04,SV 07 Elversberg,model_poisson_v1,38.6,23.6,37.8,1.59,1.57,61.2,63.1,True,resolved,0.0,0.0,D,H,False,False,False,False,False,,,,,,,,,,,,,,,
2026-09-15T01:19:45Z,2026-10-04T15:26:10Z,BL1,2026,4,SC Paderborn 07,TSG 1899 Hoffenheim,model_poisson_v1,33.8,24.2,42.0,1.41,1.6,57.8,60.3,True,resolved,3.0,1.0,H,A,False,True,True,True,True,,,,,,,,,,,,,,,
2026-09-15T01:19:45Z,2026-10-04T15:26:10Z,FL1,2026,5,AS Monaco FC,Racing Club de Lens,model_poisson_v1,37.5,22.5,39.9,1.68,1.74,66.5,67.2,False,resolved,2.0,1.0,H,A,False,True,True,True,True,,,,,,,,,,,,,,,
2026-09-15T01:19:45Z,2026-10-04T15:26:10Z,FL1,2026,5,Paris FC,RC Strasbourg Alsace,model_poisson_v1,37.5,21.5,41.0,1.82,1.91,72.0,71.5,False,resolved,2.0,1.0,H,A,False,True,True,True,True,,,,,,,,,,,,,,,
2026-09-15T01:19:45Z,2026-10-04T15:26:10Z,FL1,2026,5,Le Mans FC,FC Lorient,model_poisson_v1,44.9,25.0,30.1,1.55,1.22,52.4,55.6,True,resolved,2.0,1.0,H,H,True,True,True,True,True,,,,,,,,,,,,,,,
2026-09-15T01:19:45Z,2026-10-04T15:26:10Z,FL1,2026,5,Toulouse FC,Le Havre AC,model_poisson_v1,46.1,28.4,25.5,1.3,0.89,37.5,42.9,False,resolved,3.0,2.0,H,H,True,True,False,True,False,,,,,,,,,,,,,,,
2026-09-15T01:19:45Z,2026-10-04T15:26:10Z,FL1,2026,5,Angers SCO,ES Troyes AC,model_poisson_v1,33.0,28.9,38.0,1.06,1.16,38.2,44.8,True,resolved,2.0,0.0,H,A,False,False,True,False,True,,,,,,,,,,,,,,,
2026-09-15T01:19:45Z,2026-10-04T15:26:10Z,FL1,2026,5,Olympique Lyonnais,Stade Rennais FC 1901,model_poisson_v1,52.4,21.2,26.4,2.07,1.42,67.8,66.4,False,resolved,4.0,0.0,H,H,True,True,True,False,False,,,,,,,,,,,,,,,
2026-09-15T01:19:45Z,2026-10-04T15:26:10Z,FL1,2026,5,AJ Auxerre,Stade Brestois 29,model_poisson_v1,45.9,28.5,25.7,1.29,0.89,37.3,42.8,False,resolved,2.0,1.0,H,H,True,True,False,True,False,,,,,,,,,,,,,,,
2026-09-15T01:19:45Z,2026-10-04T15:26:10Z,FL1,2026,5,OGC Nice,Lille OSC,model_poisson_v1,16.1,22.5,61.4,0.8,1.82,48.7,46.3,False,resolved,2.0,1.0,H,A,False,True,False,True,False,,,,,,,,,,,,,,,
2026-09-15T01:19:45Z,2026-10-04T15:26:10Z,FL1,2026,5,Olympique de Marseille,Paris Saint-Germain FC,model_poisson_v1,37.0,22.5,40.5,1.68,1.76,66.7,67.3,False,resolved,1.0,2.0,A,A,True,True,True,True,True,,,,,,,,,,,,,,,
2026-09-15T01:31:37Z,2026-10-04T15:26:09Z,PD,2026,6,Rayo Vallecano de Madrid,RCD Espanyol de Barcelona,model_poisson_v1,46.8,27.7,25.5,1.36,0.92,39.9,44.8,False,resolved,2.0,1.0,H,H,True,True,False,True,False,,,,,,,,,,,,,,,
2026-09-15T01:31:37Z,2026-10-04T15:26:09Z,PD,2026,6,Deportivo Alavés,Valencia CF,model_poisson_v1,52.0,24.4,23.6,1.66,1.04,50.6,52.3,False,resolved,0.0,1.0,A,H,False,False,False,False,False,,,,,,,,,,,,,,,
2026-09-15T01:31:37Z,2026-10-04T15:26:09Z,PD,2026,6,Elche CF,Real Madrid CF,model_poisson_v1,22.7,23.8,53.5,1.04,1.73,52.2,53.1,False,resolved,2.0,3.0,A,A,True,True,True,True,True,,,,,,,,,,,,,,,
2026-09-15T01:31:37Z,2026-10-04T15:26:09Z,PD,2026,6,RC Deportivo La Coruña,Sevilla FC,model_poisson_v1,55.0,22.1,22.8,1.92,1.16,59.6,58.7,True,resolved,0.0,1.0,A,H,False,False,False,False,False,,,,,,,,,,,,,,,
2026-09-15T01:31:37Z,2026-10-04T15:26:09Z,PD,2026,6,Club Atlético de Madrid,CA Osasuna,model_poisson_v1,66.6,20.8,12.6,1.93,0.69,48.6,42.8,False,resolved,4.0,0.0,H,H,True,True,False,False,True,,,,,,,,,,,,,,,
2026-09-15T01:31:37Z,,PD,2026,6,Levante UD,Athletic Club,model_poisson_v1,45.2,22.7,32.1,1.81,1.5,64.3,65.0,False,pending,,,,H,,,,,,,,,,,,,,,,,,,,
2026-09-15T01:31:37Z,2026-10-04T15:26:09Z,PD,2026,6,FC Barcelona,Real Racing Club de Santander,model_poisson_v1,86.4,9.4,4.2,3.17,0.61,72.6,43.8,True,resolved,7.0,2.0,H,H,True,True,True,True,False,,,,,,,,,,,,,,,
2026-09-15T01:31:37Z,2026-10-04T15:26:09Z,PD,2026,6,Real Betis Balompié,Getafe CF,model_poisson_v1,56.0,27.9,16.0,1.37,0.59,31.4,33.4,False,resolved,1.0,0.0,H,H,True,False,True,False,True,,,,,,,,,,,,,,,
2026-09-15T01:31:37Z,2026-10-04T15:26:09Z,PD,2026,6,Málaga CF,Villarreal CF,model_poisson_v1,37.2,30.4,32.4,1.07,0.97,33.5,40.8,True,resolved,1.0,3.0,A,H,False,True,False,True,False,,,,,,,,,,,,,,,
2026-09-27T21:03:13Z,2026-10-04T15:26:10Z,NT,2026,2,Georgia,Ukraine,model_poisson_v1,44.0,25.7,30.3,1.47,1.18,49.5,53.4,False,resolved,0.0,0.0,D,H,False,False,True,False,False,,8.5,,,22.5,,,3.5,,,,,,,
2026-09-27T21:03:13Z,2026-10-04T15:26:10Z,NT,2026,2,Armenia,Montenegro,model_poisson_v1,47.8,29.8,22.4,1.23,0.74,31.6,37.1,False,resolved,2.0,3.0,A,H,False,True,False,True,False,,8.5,,,22.5,,,3.5,,,,,,,
2026-09-27T21:03:13Z,2026-10-04T15:26:10Z,NT,2026,2,Latvia,Cyprus,model_poisson_v1,30.5,27.5,41.9,1.07,1.31,42.6,48.0,False,resolved,0.0,0.0,D,A,False,False,True,False,True,,8.5,,,22.5,,,3.5,,,,,,,
2026-09-27T21:03:13Z,2026-10-04T15:26:10Z,NT,2026,2,Northern Ireland,Hungary,model_poisson_v1,84.6,11.6,3.9,2.62,0.41,58.2,30.9,False,resolved,0.0,0.0,D,H,False,False,False,False,True,,8.5,,,22.5,,,3.5,,,,,,,
2026-09-27T21:03:13Z,2026-10-04T15:26:10Z,NT,2026,2,Romania,Bosnia-Herzegovina,model_poisson_v1,68.6,19.4,12.0,2.07,0.73,53.0,45.3,False,resolved,2.0,4.0,A,H,False,True,True,True,False,,8.5,,,22.5,,,3.5,,,,,,,
2026-09-27T21:03:13Z,2026-10-04T15:26:10Z,NT,2026,2,Sweden,Poland,model_poisson_v1,76.1,12.5,11.4,3.47,1.39,86.2,72.8,True,resolved,3.0,1.0,H,H,True,True,True,True,True,,8.5,,,22.5,,,3.5,,,,,,,
2026-09-27T21:03:13Z,2026-10-04T15:26:10Z,NT,2026,2,Belgium,France,model_poisson_v1,49.5,23.2,27.3,1.79,1.27,59.0,59.9,False,resolved,0.0,1.0,A,H,False,False,False,False,False,,8.5,,,22.5,,,3.5,,,,,,,
2026-09-27T21:03:13Z,2026-10-04T15:26:10Z,NT,2026,2,Türkiye,Italy,model_poisson_v1,36.1,29.7,34.1,1.08,1.04,35.7,42.8,False,resolved,1.0,4.0,A,H,False,True,False,True,False,,8.5,,,22.5,,,3.5,,,,,,,
2026-09-27T21:03:13Z,2026-10-04T15:26:10Z,NT,2026,2,Moldova,Faroe Islands,model_poisson_v1,36.5,31.1,32.4,1.02,0.94,31.4,39.1,False,resolved,1.0,1.0,D,H,False,False,True,True,False,,8.5,,,22.5,,,3.5,,,,,,,
2026-09-27T21:03:13Z,2026-10-04T15:26:10Z,NT,2026,2,Finland,Belarus,model_poisson_v1,23.3,24.2,52.4,1.03,1.68,50.9,52.4,True,resolved,0.0,0.0,D,A,False,False,False,False,False,,8.5,,,22.5,,,3.5,,,,,,,
2026-09-27T21:03:13Z,2026-10-04T15:26:10Z,NT,2026,2,Slovenia,North Macedonia,model_poisson_v1,42.8,30.1,27.1,1.17,0.86,33.1,39.8,False,resolved,2.0,0.0,H,H,True,False,True,False,True,,8.5,,,22.5,,,3.5,,,,,,,
2026-09-27T21:03:13Z,2026-10-04T15:26:10Z,NT,2026,2,Scotland,Switzerland,model_poisson_v1,18.4,21.2,60.4,1.01,2.0,57.8,54.9,False,resolved,0.0,3.0,A,A,True,True,True,False,False,,8.5,,,22.5,,,3.5,,,,,,,
2026-09-27T21:03:13Z,2026-10-04T15:26:10Z,NT,2026,2,Czechia,England,model_poisson_v1,26.8,22.8,50.4,1.29,1.84,60.4,60.9,True,resolved,0.0,2.0,A,A,True,False,False,False,False,,8.5,,,22.5,,,3.5,,,,,,,
2026-09-27T21:03:13Z,2026-10-04T15:26:10Z,NT,2026,2,Spain,Croatia,model_poisson_v1,67.1,16.9,16.0,2.64,1.25,74.4,66.1,False,resolved,4.0,1.0,H,H,True,True,True,True,True,,8.5,,,22.5,,,3.5,,,,,,,
2026-09-27T21:03:13Z,2026-10-04T15:26:10Z,NT,2026,2,Bulgaria,Estonia,model_poisson_v1,38.5,29.5,32.0,1.14,1.01,36.2,43.1,False,resolved,0.0,0.0,D,H,False,False,True,False,True,,8.5,,,22.5,,,3.5,,,,,,,
2026-09-27T21:03:13Z,2026-10-04T15:26:10Z,NT,2026,2,Luxembourg,Iceland,model_poisson_v1,47.2,30.4,22.4,1.19,0.72,30.1,35.9,False,resolved,0.0,3.0,A,H,False,True,False,False,True,,8.5,,,22.5,,,3.5,,,,,,,
2026-09-27T21:03:13Z,2026-10-04T15:26:10Z,NT,2026,2,San Marino,Albania,model_poisson_v1,10.7,20.0,69.3,0.61,1.95,47.3,39.3,False,resolved,0.0,3.0,A,A,True,True,False,False,True,,8.5,,,22.5,,,3.5,,,,,,,
2026-09-27T21:03:13Z,2026-10-04T15:26:10Z,NT,2026,2,Slovakia,Kazakhstan,model_poisson_v1,87.6,9.2,3.1,2.96,0.43,65.8,33.2,False,resolved,2.0,1.0,H,H,True,True,True,True,False,,8.5,,,22.5,,,3.5,,,,,,,
2026-10-04T15:29:08Z,2026-10-04T15:29:08Z,NT,2026,1,Andorra CF,Malta,backtest_walkforward_v1,63.3,24.0,12.7,1.63,0.57,37.8,35.0,True,resolved,1.0,2.0,A,H,False,True,False,True,False,,,,,,,,,,,,,,,
2026-10-04T15:29:08Z,2026-10-04T15:29:08Z,NT,2026,1,Liechtenstein,Lithuania,backtest_walkforward_v1,30.5,28.0,41.5,1.05,1.27,41.0,46.8,False,resolved,0.0,2.0,A,A,True,False,True,False,True,,,,,,,,,,,,,,,
2026-10-04T15:29:08Z,2026-10-04T15:29:08Z,NT,2026,1,Austria,Israel,backtest_walkforward_v1,69.1,18.9,12.1,2.14,0.76,55.5,47.1,False,resolved,3.0,1.0,H,H,True,True,True,True,False,,,,,,,,,,,,,,,
2026-10-04T15:29:08Z,2026-10-04T15:29:08Z,NT,2026,1,Kosovo,Republic of Ireland,backtest_walkforward_v1,73.7,15.8,10.5,2.52,0.85,65.4,52.7,False,resolved,1.0,0.0,H,H,True,False,False,False,False,,,,,,,,,,,,,,,
2026-10-04T15:29:08Z,2026-10-04T15:29:08Z,NT,2026,1,Serbia,Greece,backtest_walkforward_v1,31.3,36.5,32.3,0.75,0.77,19.6,28.3,False,resolved,1.0,2.0,A,D,False,True,False,True,False,,,,,,,,,,,,,,,
2026-10-04T15:29:08Z,2026-10-04T15:29:08Z,NT,2026,1,Norway,Denmark,backtest_walkforward_v1,63.6,26.4,10.0,1.44,0.39,27.9,24.9,True,resolved,3.0,2.0,H,H,True,True,False,True,False,,,,,,,,,,,,,,,
2026-10-04T15:29:08Z,2026-10-04T15:29:08Z,NT,2026,1,Portugal,Wales,backtest_walkforward_v1,72.4,16.6,11.0,2.42,0.83,63.0,51.5,False,resolved,1.0,0.0,H,H,True,False,False,False,False,,,,,,,,,,,,,,,
2026-10-04T15:29:08Z,2026-10-04T15:29:08Z,NT,2026,1,Netherlands,Germany,backtest_walkforward_v1,54.0,19.7,26.3,2.33,1.6,75.1,72.0,False,resolved,1.0,1.0,D,H,False,False,False,True,True,,,,,,,,,,,,,,,
2026-10-04T15:29:08Z,2026-10-04T15:29:08Z,NT,2026,1,Armenia,Latvia,backtest_walkforward_v1,36.5,30.4,33.2,1.06,0.99,33.7,41.1,False,resolved,2.0,0.0,H,H,True,False,True,False,True,,,,,,,,,,,,,,,
2026-10-04T15:29:08Z,2026-10-04T15:29:08Z,NT,2026,1,Georgia,Northern Ireland,backtest_walkforward_v1,75.3,15.2,9.5,2.56,0.8,65.1,50.7,False,resolved,0.0,1.0,A,H,False,False,False,False,False,,,,,,,,,,,,,,,
2026-10-04T15:29:08Z,2026-10-04T15:29:08Z,NT,2026,1,Montenegro,Cyprus,backtest_walkforward_v1,32.0,20.9,47.1,1.72,2.11,73.6,72.2,False,resolved,2.0,1.0,H,A,False,True,True,True,True,,,,,,,,,,,,,,,
2026-10-04T15:29:08Z,2026-10-04T15:29:08Z,NT,2026,1,Türkiye,France,backtest_walkforward_v1,51.6,22.5,25.9,1.88,1.27,61.0,61.0,False,resolved,0.0,1.0,A,H,False,False,False,False,False,,,,,,,,,,,,,,,
2026-10-04T15:29:08Z,2026-10-04T15:29:08Z,NT,2026,1,Italy,Belgium,backtest_walkforward_v1,35.7,23.7,40.7,1.51,1.63,60.7,62.6,False,resolved,0.0,2.0,A,A,True,False,False,False,False,,,,,,,,,,,,,,,
2026-10-04T15:29:08Z,2026-10-04T15:29:08Z,NT,2026,1,Sweden,Romania,backtest_walkforward_v1,38.9,21.6,39.4,1.84,1.85,71.3,70.9,False,resolved,2.0,1.0,H,A,False,True,True,True,True,,,,,,,,,,,,,,,
2026-10-04T15:29:08Z,2026-10-04T15:29:08Z,NT,2026,1,Poland,Bosnia-Herzegovina,backtest_walkforward_v1,59.2,19.5,21.3,2.32,1.34,70.7,66.5,False,resolved,0.0,0.0,D,H,False,False,False,False,False,,,,,,,,,,,,,,,
2026-10-04T15:29:08Z,2026-10-04T15:29:08Z,NT,2026,1,Hungary,Ukraine,backtest_walkforward_v1,36.2,27.2,36.6,1.23,1.24,44.9,50.4,False,resolved,0.0,1.0,A,A,True,False,True,False,False,,,,,,,,,,,,,,,
2026-10-04T15:29:08Z,2026-10-04T15:29:08Z,NT,2026,1,Slovenia,Scotland,backtest_walkforward_v1,17.1,20.7,62.1,0.97,2.04,57.8,53.9,False,resolved,0.0,0.0,D,A,False,False,False,False,False,,,,,,,,,,,,,,,
2026-10-04T15:29:08Z,2026-10-04T15:29:08Z,NT,2026,1,Faroe Islands,Kazakhstan,backtest_walkforward_v1,71.8,17.6,10.6,2.25,0.73,57.3,46.5,True,resolved,1.0,1.0,D,H,False,False,False,True,False,,,,,,,,,,,,,,,
2026-10-04T15:29:08Z,2026-10-04T15:29:08Z,NT,2026,1,Bulgaria,Luxembourg,backtest_walkforward_v1,42.7,32.8,24.5,1.04,0.71,25.6,32.8,False,resolved,1.0,2.0,A,H,False,True,False,True,False,,,,,,,,,,,,,,,
2026-10-04T15:29:08Z,2026-10-04T15:29:08Z,NT,2026,1,San Marino,Finland,backtest_walkforward_v1,49.7,26.4,24.0,1.47,0.94,43.3,46.9,False,resolved,0.0,7.0,A,H,False,True,False,False,True,,,,,,,,,,,,,,,
2026-10-04T15:29:08Z,2026-10-04T15:29:08Z,NT,2026,1,Iceland,Estonia,backtest_walkforward_v1,49.2,22.0,28.8,1.95,1.46,66.1,65.8,True,resolved,1.0,1.0,D,H,False,False,False,True,True,,,,,,,,,,,,,,,
2026-10-04T15:29:08Z,2026-10-04T15:29:08Z,NT,2026,1,Albania,Belarus,backtest_walkforward_v1,20.9,27.2,51.8,0.79,1.42,37.9,41.4,False,resolved,2.0,0.0,H,A,False,False,True,False,True,,,,,,,,,,,,,,,
2026-10-04T15:29:08Z,2026-10-04T15:29:08Z,NT,2026,1,Slovakia,Moldova,backtest_walkforward_v1,67.8,21.2,11.0,1.84,0.58,43.6,37.1,False,resolved,2.0,0.0,H,H,True,False,True,False,True,,,,,,,,,,,,,,,
2026-10-04T15:29:08Z,2026-10-04T15:29:08Z,NT,2026,1,England,Spain,backtest_walkforward_v1,38.4,26.0,35.6,1.36,1.3,49.7,54.1,False,resolved,2.0,3.0,A,H,False,True,False,True,True,,,,,,,,,,,,,,,
2026-10-04T15:29:08Z,2026-10-04T15:29:08Z,NT,2026,1,Czechia,Croatia,backtest_walkforward_v1,67.4,17.2,15.4,2.55,1.16,71.6,63.3,False,resolved,1.0,2.0,A,H,False,True,True,True,True,,,,,,,,,,,,,,,
2026-10-04T15:29:08Z,2026-10-04T15:29:08Z,NT,2026,1,North Macedonia,Switzerland,backtest_walkforward_v1,49.2,31.3,19.5,1.16,0.62,26.4,31.6,True,resolved,0.0,3.0,A,H,False,True,False,False,True,,,,,,,,,,,,,,,
2026-10-04T15:29:08Z,2026-10-04T15:29:08Z,NT,2026,2,Lithuania,Azerbaijan,backtest_walkforward_v1,47.5,29.5,23.0,1.25,0.77,33.0,38.4,False,resolved,1.0,1.0,D,H,False,False,True,True,False,,,,,,,,,,,,,,,
2026-10-04T15:29:08Z,2026-10-04T15:29:08Z,NT,2026,2,Gibraltar,Andorra CF,backtest_walkforward_v1,66.8,28.0,5.2,1.32,0.19,19.4,12.8,False,resolved,0.0,0.0,D,H,False,False,True,False,True,,,,,,,,,,,,,,,
2026-10-04T15:29:08Z,2026-10-04T15:29:08Z,NT,2026,2,Austria,Kosovo,backtest_walkforward_v1,67.5,17.9,14.7,2.39,1.03,66.5,58.5,False,resolved,3.0,1.0,H,H,True,True,True,True,True,,,,,,,,,,,,,,,
2026-10-04T15:29:08Z,2026-10-04T15:29:08Z,NT,2026,2,Serbia,Netherlands,backtest_walkforward_v1,47.4,33.3,19.3,1.07,0.56,22.4,28.3,True,resolved,1.0,2.0,A,H,False,True,False,True,False,,,,,,,,,,,,,,,
2026-10-04T15:29:08Z,2026-10-04T15:29:08Z,NT,2026,2,Denmark,Wales,backtest_walkforward_v1,74.2,17.7,8.1,2.1,0.53,48.9,36.0,False,resolved,2.0,0.0,H,H,True,False,True,False,True,,,,,,,,,,,,,,,
2026-10-04T15:29:08Z,2026-10-04T15:29:08Z,NT,2026,2,Norway,Portugal,backtest_walkforward_v1,48.4,31.1,20.4,1.17,0.65,27.3,32.8,False,resolved,1.0,2.0,A,H,False,True,False,True,False,,,,,,,,,,,,,,,
2026-10-04T15:29:08Z,2026-10-04T15:29:08Z,NT,2026,2,Germany,Greece,backtest_walkforward_v1,39.5,26.4,34.2,1.36,1.24,48.1,52.8,False,resolved,0.0,1.0,A,H,False,False,True,False,False,,,,,,,,,,,,,,,
2026-10-04T15:29:08Z,2026-10-04T15:29:08Z,NT,2026,2,Israel,Republic of Ireland,backtest_walkforward_v1,46.9,27.8,25.2,1.35,0.91,39.1,44.1,True,resolved,0.0,3.0,A,H,False,True,False,False,True,,,,,,,,,,,,,,,
2026-10-04T15:29:08Z,2026-10-04T15:29:08Z,NT,2026,3,Azerbaijan,Liechtenstein,backtest_walkforward_v1,40.1,30.1,29.8,1.13,0.93,33.8,40.9,False,resolved,0.0,0.0,D,H,False,False,True,False,True,,,,,,,,,,,,,,,
2026-10-04T15:29:08Z,2026-10-04T15:29:08Z,NT,2026,3,Malta,Gibraltar,backtest_walkforward_v1,39.5,34.7,25.8,0.93,0.69,22.1,30.1,True,resolved,1.0,1.0,D,H,False,False,True,True,False,,,,,,,,,,,,,,,
2026-10-04T15:29:08Z,2026-10-04T15:29:08Z,NT,2026,3,Wales,Norway,backtest_walkforward_v1,52.0,25.6,22.4,1.55,0.92,44.7,47.3,False,resolved,2.0,1.0,H,H,True,True,False,True,False,,,,,,,,,,,,,,,
2026-10-04T15:29:08Z,2026-10-04T15:29:08Z,NT,2026,3,Greece,Netherlands,backtest_walkforward_v1,48.3,28.6,23.1,1.31,0.81,35.4,40.4,True,resolved,2.0,2.0,D,H,False,True,False,True,False,,,,,,,,,,,,,,,
2026-10-04T15:29:08Z,2026-10-04T15:29:08Z,NT,2026,3,Germany,Serbia,backtest_walkforward_v1,82.8,11.5,5.7,2.92,0.67,69.5,46.2,False,resolved,2.0,0.0,H,H,True,False,False,False,True,,,,,,,,,,,,,,,
2026-10-04T15:29:08Z,2026-10-04T15:29:08Z,NT,2026,3,Denmark,Portugal,backtest_walkforward_v1,45.6,31.1,23.3,1.14,0.73,28.8,35.2,False,resolved,2.0,4.0,A,H,False,True,False,True,False,,,,,,,,,,,,,,,
2026-10-04T15:29:08Z,2026-10-04T15:29:08Z,NT,2026,3,Israel,Kosovo,backtest_walkforward_v1,23.7,21.9,54.4,1.23,1.96,61.9,60.9,False,resolved,0.0,0.0,D,A,False,False,False,False,False,,,,,,,,,,,,,,,
2026-10-04T15:29:08Z,2026-10-04T15:29:08Z,NT,2026,3,Republic of Ireland,Austria,backtest_walkforward_v1,45.1,30.1,24.8,1.19,0.8,32.2,38.4,False,resolved,2.0,2.0,D,H,False,True,False,True,False,,,,,,,,,,,,,,,
2026-10-04T15:29:08Z,2026-10-04T15:29:08Z,NT,2026,3,Kazakhstan,Moldova,backtest_walkforward_v1,33.0,35.3,31.7,0.81,0.79,21.7,30.4,False,resolved,1.0,2.0,A,D,False,True,False,True,False,,,,,,,,,,,,,,,
2026-10-04T15:29:08Z,2026-10-04T15:29:08Z,NT,2026,3,Cyprus,Armenia,backtest_walkforward_v1,34.1,19.3,46.6,2.06,2.4,82.2,79.4,False,resolved,2.0,0.0,H,A,False,False,False,False,False,,,,,,,,,,,,,,,
2026-10-04T15:29:08Z,2026-10-04T15:29:08Z,NT,2026,3,Latvia,Montenegro,backtest_walkforward_v1,33.1,35.7,31.3,0.8,0.77,21.0,29.7,False,resolved,1.0,2.0,A,D,False,True,False,True,False,,,,,,,,,,,,,,,
2026-10-04T15:29:08Z,2026-10-04T15:29:08Z,NT,2026,3,Faroe Islands,Slovakia,backtest_walkforward_v1,43.0,27.0,29.9,1.36,1.09,44.2,49.2,False,resolved,1.0,1.0,D,H,False,False,True,True,False,,,,,,,,,,,,,,,
2026-10-04T15:29:08Z,2026-10-04T15:29:08Z,NT,2026,3,France,Italy,backtest_walkforward_v1,25.1,25.8,49.1,1.01,1.52,46.3,49.6,False,resolved,1.0,1.0,D,A,False,False,True,True,False,,,,,,,,,,,,,,,
2026-10-04T15:29:08Z,2026-10-04T15:29:08Z,NT,2026,3,Belgium,Türkiye,backtest_walkforward_v1,52.2,25.5,22.3,1.55,0.92,44.8,47.3,False,resolved,3.0,0.0,H,H,True,True,False,False,True,,,,,,,,,,,,,,,
2026-10-04T15:29:08Z,2026-10-04T15:29:08Z,NT,2026,3,Ukraine,Northern Ireland,backtest_walkforward_v1,63.0,22.0,15.0,1.85,0.77,48.8,45.4,False,resolved,0.0,3.0,A,H,False,True,False,False,True,,,,,,,,,,,,,,,
2026-10-04T15:29:08Z,2026-10-04T15:29:08Z,NT,2026,3,Poland,Romania,backtest_walkforward_v1,25.1,23.6,51.3,1.15,1.75,55.5,56.6,False,resolved,6.0,0.0,H,A,False,True,True,False,False,,,,,,,,,,,,,,,
2026-10-04T15:29:08Z,2026-10-04T15:29:08Z,NT,2026,3,Hungary,Georgia,backtest_walkforward_v1,20.6,29.7,49.7,0.69,1.25,30.8,35.7,False,resolved,1.0,0.0,H,A,False,False,True,False,True,,,,,,,,,,,,,,,
2026-10-04T15:29:08Z,2026-10-04T15:29:08Z,NT,2026,3,Bosnia-Herzegovina,Sweden,backtest_walkforward_v1,19.2,24.7,56.0,0.84,1.62,44.6,45.5,True,resolved,1.0,1.0,D,A,False,False,True,True,False,,,,,,,,,,,,,,,
2026-10-04T15:29:08Z,2026-10-04T15:29:08Z,NT,2026,3,Finland,Albania,backtest_walkforward_v1,23.3,28.3,48.3,0.83,1.32,36.3,41.2,False,resolved,2.0,1.0,H,A,False,True,False,True,False,,,,,,,,,,,,,,,
2026-10-04T15:29:08Z,2026-10-04T15:29:08Z,NT,2026,3,Iceland,Bulgaria,backtest_walkforward_v1,51.5,23.8,24.8,1.73,1.13,54.4,55.6,False,resolved,3.0,0.0,H,H,True,True,True,False,False,,,,,,,,,,,,,,,
2026-10-04T15:29:08Z,2026-10-04T15:29:08Z,NT,2026,3,Belarus,San Marino,backtest_walkforward_v1,51.2,23.4,25.3,1.76,1.17,56.2,57.2,False,resolved,4.0,0.0,H,H,True,True,True,False,False,,,,,,,,,,,,,,,
2026-10-04T15:29:08Z,2026-10-04T15:29:08Z,NT,2026,3,Croatia,England,backtest_walkforward_v1,21.6,27.2,51.2,0.82,1.42,38.6,42.2,True,resolved,0.0,7.0,A,A,True,True,False,False,True,,,,,,,,,,,,,,,
2026-10-04T15:29:08Z,2026-10-04T15:29:08Z,NT,2026,3,Estonia,Luxembourg,backtest_walkforward_v1,37.6,31.2,31.2,1.04,0.92,31.1,38.7,True,resolved,1.0,0.0,H,H,True,False,True,False,True,,,,,,,,,,,,,,,
2026-10-04T15:29:08Z,2026-10-04T15:29:08Z,NT,2026,3,Spain,Czechia,backtest_walkforward_v1,79.1,13.3,7.6,2.76,0.76,68.2,49.7,True,resolved,3.0,1.0,H,H,True,True,True,True,False,,,,,,,,,,,,,,,
2026-10-04T15:29:08Z,2026-10-04T15:29:08Z,NT,2026,3,Switzerland,Slovenia,backtest_walkforward_v1,46.1,24.2,29.7,1.64,1.27,55.7,58.0,False,resolved,2.0,1.0,H,H,True,True,True,True,True,,,,,,,,,,,,,,,
2026-10-04T15:29:08Z,2026-10-04T15:29:08Z,NT,2026,3,North Macedonia,Scotland,backtest_walkforward_v1,19.2,31.1,49.7,0.61,1.18,26.6,31.7,False,resolved,0.0,2.0,A,A,True,False,True,False,True,,,,,,,,,,,,,,,
2026-10-04T15:29:08Z,2026-10-04T15:29:08Z,NT,2026,4,Azerbaijan,Lithuania,backtest_walkforward_v1,29.3,26.7,44.0,1.09,1.4,45.4,50.1,False,resolved,1.0,0.0,H,A,False,False,True,False,False,,,,,,,,,,,,,,,
2026-10-04T15:30:04Z,2026-10-05T19:10:22Z,NT,2026,4,Malta,Andorra CF,model_poisson_v1,62.0,30.6,7.4,1.22,0.24,18.2,15.3,False,resolved,1.0,0.0,H,H,True,False,True,False,True,,8.5,,,22.5,,,3.5,,,,,,,
2026-10-04T15:30:04Z,2026-10-05T19:10:22Z,NT,2026,4,Kosovo,Austria,model_poisson_v1,58.2,21.8,20.1,1.95,1.05,57.7,55.8,False,resolved,1.0,1.0,D,H,False,False,False,True,True,,8.5,,,22.5,,,3.5,,,,,,,
2026-10-04T15:30:04Z,2026-10-05T19:10:22Z,NT,2026,4,Republic of Ireland,Israel,model_poisson_v1,50.7,25.9,23.3,1.51,0.94,44.3,47.4,False,resolved,1.0,1.0,D,H,False,False,True,True,False,,8.5,,,22.5,,,3.5,,,,,,,
2026-10-04T15:30:04Z,2026-10-05T19:10:22Z,NT,2026,4,Greece,Germany,model_poisson_v1,42.9,24.0,33.1,1.62,1.4,58.2,60.5,False,resolved,0.0,0.0,D,H,False,False,False,False,False,,8.5,,,22.5,,,3.5,,,,,,,
2026-10-04T15:30:04Z,2026-10-05T19:10:22Z,NT,2026,4,Netherlands,Serbia,model_poisson_v1,82.5,11.4,6.1,2.98,0.72,71.5,48.9,False,resolved,2.0,1.0,H,H,True,True,True,True,False,,8.5,,,22.5,,,3.5,,,,,,,
2026-10-04T15:30:04Z,2026-10-05T19:10:22Z,NT,2026,4,Portugal,Norway,model_poisson_v1,69.8,16.3,13.9,2.65,1.12,72.6,62.7,False,resolved,2.0,1.0,H,H,True,True,True,True,True,,8.5,,,22.5,,,3.5,,,,,,,
2026-10-04T15:30:04Z,2026-10-05T19:10:22Z,NT,2026,4,Wales,Denmark,model_poisson_v1,47.5,30.9,21.6,1.17,0.68,28.4,34.2,False,resolved,0.0,1.0,A,H,False,False,True,False,True,,8.5,,,22.5,,,3.5,,,,,,,
2026-10-04T15:30:04Z,2026-10-05T19:10:22Z,NT,2026,4,Cyprus,Latvia,model_poisson_v1,38.2,27.7,34.1,1.24,1.15,42.7,48.5,False,resolved,2.0,1.0,H,H,True,True,False,True,False,,8.5,,,22.5,,,3.5,,,,,,,
2026-10-04T15:30:04Z,,NT,2026,4,Bosnia-Herzegovina,Poland,model_poisson_v1,40.1,26.2,33.7,1.38,1.24,48.7,53.2,True,pending,,,,H,,,,,,,8.5,,,22.5,,,3.5,,,,,,,
2026-10-04T15:30:04Z,,NT,2026,4,Northern Ireland,Georgia,model_poisson_v1,49.6,34.0,16.4,1.05,0.47,19.8,24.6,False,pending,,,,H,,,,,,,8.5,,,22.5,,,3.5,,,,,,,
2026-10-04T15:30:04Z,,NT,2026,4,Romania,Sweden,model_poisson_v1,35.9,24.1,40.0,1.48,1.57,58.7,61.1,False,pending,,,,A,,,,,,,8.5,,,22.5,,,3.5,,,,,,,
2026-10-04T15:30:04Z,,NT,2026,4,Ukraine,Hungary,model_poisson_v1,53.4,24.6,22.0,1.64,0.96,48.0,49.6,False,pending,,,,H,,,,,,,8.5,,,22.5,,,3.5,,,,,,,
2026-10-04T15:30:04Z,,NT,2026,4,France,Belgium,model_poisson_v1,38.2,26.7,35.1,1.3,1.24,46.7,51.7,False,pending,,,,H,,,,,,,8.5,,,22.5,,,3.5,,,,,,,
2026-10-04T15:30:04Z,,NT,2026,4,Italy,Türkiye,model_poisson_v1,30.5,25.6,43.9,1.19,1.48,50.1,53.9,False,pending,,,,A,,,,,,,8.5,,,22.5,,,3.5,,,,,,,
2026-10-04T15:30:04Z,,NT,2026,4,Montenegro,Armenia,model_poisson_v1,57.5,18.5,24.0,2.55,1.64,78.9,74.3,False,pending,,,,H,,,,,,,8.5,,,22.5,,,3.5,,,,,,,
2026-10-04T15:30:04Z,,NT,2026,4,Kazakhstan,Faroe Islands,model_poisson_v1,23.9,37.4,38.7,0.59,0.84,17.3,25.2,False,pending,,,,A,,,,,,,8.5,,,22.5,,,3.5,,,,,,,
2026-10-04T15:30:04Z,,NT,2026,4,Scotland,Slovenia,model_poisson_v1,30.2,28.8,41.0,1.0,1.22,38.1,44.4,False,pending,,,,A,,,,,,,8.5,,,22.5,,,3.5,,,,,,,
2026-10-04T15:30:04Z,,NT,2026,4,Switzerland,North Macedonia,model_poisson_v1,54.7,22.4,22.9,1.89,1.15,58.6,58.0,False,pending,,,,H,,,,,,,8.5,,,22.5,,,3.5,,,,,,,
2026-10-04T15:30:04Z,,NT,2026,4,Croatia,Spain,model_poisson_v1,17.7,18.6,63.7,1.19,2.37,69.0,63.0,False,pending,,,,A,,,,,,,8.5,,,22.5,,,3.5,,,,,,,
2026-10-04T15:30:04Z,,NT,2026,4,England,Czechia,model_poisson_v1,67.5,19.6,12.9,2.07,0.77,54.0,47.0,True,pending,,,,H,,,,,,,8.5,,,22.5,,,3.5,,,,,,,
2026-10-04T15:30:04Z,,NT,2026,4,Albania,San Marino,model_poisson_v1,70.7,19.3,10.1,2.01,0.6,48.6,39.3,False,pending,,,,H,,,,,,,8.5,,,22.5,,,3.5,,,,,,,
2026-10-04T15:30:04Z,,NT,2026,4,Belarus,Finland,model_poisson_v1,44.3,21.2,34.5,2.02,1.77,72.8,71.9,False,pending,,,,H,,,,,,,8.5,,,22.5,,,3.5,,,,,,,
2026-10-04T15:30:04Z,,NT,2026,4,Estonia,Iceland,model_poisson_v1,42.2,28.4,29.4,1.26,1.0,39.2,45.2,False,pending,,,,H,,,,,,,8.5,,,22.5,,,3.5,,,,,,,
2026-10-04T15:30:04Z,,NT,2026,4,Luxembourg,Bulgaria,model_poisson_v1,44.3,33.4,22.2,1.03,0.64,23.4,30.3,False,pending,,,,H,,,,,,,8.5,,,22.5,,,3.5,,,,,,,
2026-10-04T15:30:04Z,,NT,2026,4,Moldova,Slovakia,model_poisson_v1,38.6,25.7,35.7,1.39,1.33,51.1,55.2,False,pending,,,,H,,,,,,,8.5,,,22.5,,,3.5,,,,,,,
2026-10-04T15:49:22Z,,PL,2026,6,Arsenal FC,Leeds United FC,model_poisson_v1,77.1,15.6,7.3,2.34,0.57,55.5,39.1,False,pending,,,,H,,,,,,9.1,8.5,Sí,20.6,22.5,No,3.2,3.5,No,,,,,,
2026-10-04T15:49:22Z,,PL,2026,6,Sunderland AFC,Brighton & Hove Albion FC,model_poisson_v1,35.8,27.5,36.6,1.2,1.22,43.6,49.3,False,pending,,,,A,,,,,,9.1,8.5,Sí,24.5,22.5,Sí,4.1,3.5,Sí,,,,,,
2026-10-04T15:49:22Z,,PL,2026,6,Chelsea FC,AFC Bournemouth,model_poisson_v1,40.4,22.4,37.2,1.77,1.69,67.3,67.8,False,pending,,,,H,,,,,,10.3,8.5,Sí,22.9,22.5,Sí,5.3,3.5,Sí,,,,,,
2026-10-04T15:49:22Z,,PL,2026,6,Ipswich Town FC,Fulham FC,model_poisson_v1,45.3,28.1,26.6,1.31,0.94,39.1,44.5,True,pending,,,,H,,,,,,9.5,8.5,Sí,21.9,22.5,No,3.2,3.5,No,,,,,,
2026-10-04T15:49:22Z,,PL,2026,6,Aston Villa FC,Brentford FC,model_poisson_v1,48.8,24.4,26.8,1.65,1.16,53.3,55.5,False,pending,,,,H,,,,,,8.9,8.5,Sí,21.0,22.5,No,3.7,3.5,Sí,,,,,,
2026-10-04T15:49:22Z,,PL,2026,6,Manchester United FC,Tottenham Hotspur FC,model_poisson_v1,50.8,22.7,26.5,1.86,1.28,60.7,61.0,False,pending,,,,H,,,,,,12.5,8.5,Sí,24.0,22.5,Sí,4.5,3.5,Sí,,,,,,
2026-10-04T15:49:22Z,,PL,2026,6,Hull City AFC,Everton FC,model_poisson_v1,44.0,33.5,22.5,1.03,0.64,23.5,30.4,True,pending,,,,H,,,,,,7.4,8.5,No,20.2,22.5,No,5.4,3.5,Sí,,,,,,
2026-10-04T15:49:22Z,,PL,2026,6,Crystal Palace FC,Nottingham Forest FC,model_poisson_v1,24.1,24.1,51.8,1.08,1.69,52.3,53.8,False,pending,,,,A,,,,,,7.2,8.5,No,21.2,22.5,No,3.4,3.5,No,,,,,,
2026-10-04T15:49:22Z,,PL,2026,6,Liverpool FC,Manchester City FC,model_poisson_v1,31.6,25.6,42.9,1.23,1.47,50.6,54.5,False,pending,,,,A,,,,,,14.2,8.5,Sí,20.5,22.5,No,2.9,3.5,No,,,,,,
2026-10-04T15:49:22Z,,PL,2026,6,Coventry City FC,Newcastle United FC,model_poisson_v1,20.3,25.5,54.2,0.84,1.55,42.8,44.8,True,pending,,,,A,,,,,,8.5,8.5,Sí,23.6,22.5,Sí,3.4,3.5,No,,,,,,
2026-10-04T15:49:24Z,,PD,2026,8,Málaga CF,RCD Espanyol de Barcelona,model_poisson_v1,32.8,27.6,39.6,1.13,1.27,43.0,48.6,True,pending,,,,A,,,,,,8.4,8.5,No,26.5,22.5,Sí,5.3,3.5,Sí,,,,,,
2026-10-04T15:49:24Z,,PD,2026,8,Rayo Vallecano de Madrid,Athletic Club,model_poisson_v1,54.7,25.1,20.2,1.59,0.86,44.3,45.9,False,pending,,,,H,,,,,,12.3,8.5,Sí,25.9,22.5,Sí,4.2,3.5,Sí,,,,,,
2026-10-04T15:49:24Z,,PD,2026,8,Deportivo Alavés,Club Atlético de Madrid,model_poisson_v1,36.6,25.8,37.6,1.34,1.36,50.7,54.9,False,pending,,,,A,,,,,,10.7,8.5,Sí,26.3,22.5,Sí,5.3,3.5,Sí,,,,,,
2026-10-04T15:49:24Z,,PD,2026,8,FC Barcelona,Getafe CF,model_poisson_v1,81.7,13.5,4.8,2.42,0.42,54.0,31.4,False,pending,,,,H,,,,,,9.9,8.5,Sí,24.7,22.5,Sí,4.9,3.5,Sí,,,,,,
2026-10-04T15:49:24Z,,PD,2026,8,Real Madrid CF,Villarreal CF,model_poisson_v1,65.9,18.9,15.2,2.25,0.99,62.8,56.1,False,pending,,,,H,,,,,,12.0,8.5,Sí,19.6,22.5,No,3.6,3.5,Sí,,,,,,
2026-10-04T15:49:24Z,,PD,2026,8,Elche CF,RC Celta de Vigo,model_poisson_v1,28.4,27.7,43.9,1.0,1.32,41.0,46.4,False,pending,,,,A,,,,,,8.0,8.5,No,25.8,22.5,Sí,4.3,3.5,Sí,,,,,,
2026-10-04T15:49:24Z,,PD,2026,8,Real Sociedad de Fútbol,RC Deportivo La Coruña,model_poisson_v1,33.4,22.1,44.5,1.61,1.88,67.7,67.8,True,pending,,,,A,,,,,,9.1,8.5,Sí,27.3,22.5,Sí,5.2,3.5,Sí,,,,,,
2026-10-04T15:49:24Z,,PD,2026,8,Real Betis Balompié,CA Osasuna,model_poisson_v1,63.3,23.2,13.5,1.71,0.64,41.6,38.6,False,pending,,,,H,,,,,,8.6,8.5,Sí,24.1,22.5,Sí,4.5,3.5,Sí,,,,,,
2026-10-04T15:49:24Z,,PD,2026,8,Real Racing Club de Santander,Valencia CF,model_poisson_v1,56.2,21.5,22.3,2.01,1.2,62.1,60.4,True,pending,,,,H,,,,,,9.8,8.5,Sí,26.8,22.5,Sí,4.0,3.5,Sí,,,,,,
2026-10-04T15:49:24Z,,PD,2026,8,Levante UD,Sevilla FC,model_poisson_v1,38.5,23.0,38.5,1.65,1.65,64.0,65.3,False,pending,,,,H,,,,,,9.6,8.5,Sí,24.5,22.5,Sí,4.7,3.5,Sí,,,,,,
2026-10-04T15:49:27Z,,SA,2026,6,Genoa CFC,ACF Fiorentina,model_poisson_v1,36.7,25.2,38.0,1.39,1.42,53.3,57.0,False,pending,,,,A,,,,,,8.2,8.5,No,20.8,22.5,No,3.3,3.5,No,,,,,,
2026-10-04T15:49:27Z,,SA,2026,6,FC Internazionale Milano,Parma Calcio 1913,model_poisson_v1,78.1,14.8,7.1,2.44,0.6,58.5,41.0,False,pending,,,,H,,,,,,8.7,8.5,Sí,19.3,22.5,No,2.8,3.5,No,,,,,,
2026-10-04T15:49:27Z,,SA,2026,6,SSC Napoli,Frosinone Calcio,model_poisson_v1,35.7,27.2,37.2,1.22,1.25,45.0,50.4,True,pending,,,,A,,,,,,11.0,8.5,Sí,24.4,22.5,Sí,3.2,3.5,No,,,,,,
2026-10-04T15:49:27Z,,SA,2026,6,Como 1907,AS Roma,model_poisson_v1,45.1,26.6,28.3,1.42,1.07,45.2,49.7,False,pending,,,,H,,,,,,11.3,8.5,Sí,21.8,22.5,No,3.1,3.5,No,,,,,,
2026-10-04T15:49:27Z,,SA,2026,6,US Lecce,Bologna FC 1909,model_poisson_v1,17.2,24.3,58.5,0.77,1.65,43.6,43.3,False,pending,,,,A,,,,,,8.4,8.5,No,24.3,22.5,Sí,3.9,3.5,Sí,,,,,,
2026-10-04T15:49:27Z,,SA,2026,6,SS Lazio,AC Monza,model_poisson_v1,55.7,20.6,23.7,2.15,1.35,68.1,65.6,True,pending,,,,H,,,,,,7.6,8.5,No,26.3,22.5,Sí,4.0,3.5,Sí,,,,,,
2026-10-04T15:49:27Z,,SA,2026,6,US Sassuolo Calcio,AC Milan,model_poisson_v1,21.3,24.2,54.4,0.95,1.68,48.9,49.9,False,pending,,,,A,,,,,,6.3,8.5,No,22.1,22.5,No,4.0,3.5,Sí,,,,,,
2026-10-04T15:49:27Z,,SA,2026,6,Cagliari Calcio,Juventus FC,model_poisson_v1,25.4,28.2,46.4,0.89,1.32,38.0,43.3,False,pending,,,,A,,,,,,12.4,8.5,Sí,22.2,22.5,No,3.1,3.5,No,,,,,,
2026-10-04T15:49:27Z,,SA,2026,6,Atalanta BC,Venezia FC,model_poisson_v1,60.9,22.7,16.4,1.8,0.81,48.4,46.3,True,pending,,,,H,,,,,,7.5,8.5,No,23.8,22.5,Sí,3.8,3.5,Sí,,,,,,
2026-10-04T15:49:27Z,,SA,2026,6,Torino FC,Udinese Calcio,model_poisson_v1,32.1,21.7,46.2,1.61,1.96,69.3,68.8,False,pending,,,,A,,,,,,7.6,8.5,No,23.9,22.5,Sí,3.2,3.5,No,,,,,,
2026-10-04T15:49:30Z,,BL1,2026,5,Borussia Dortmund,SV Werder Bremen,model_poisson_v1,72.3,17.5,10.2,2.24,0.71,56.4,45.2,False,pending,,,,H,,,,,,8.1,8.5,No,22.0,22.5,No,3.9,3.5,Sí,,,,,,
2026-10-04T15:49:30Z,,BL1,2026,5,1. FSV Mainz 05,Bayer 04 Leverkusen,model_poisson_v1,25.7,23.4,50.9,1.19,1.76,56.6,57.6,False,pending,,,,A,,,,,,13.8,8.5,Sí,19.2,22.5,No,2.6,3.5,No,,,,,,
2026-10-04T15:49:30Z,,BL1,2026,5,SC Paderborn 07,VfB Stuttgart,model_poisson_v1,40.0,21.3,38.7,1.92,1.88,73.1,72.3,True,pending,,,,H,,,,,,10.1,8.5,Sí,20.2,22.5,No,3.5,3.5,Sí,,,,,,
2026-10-04T15:49:30Z,,BL1,2026,5,1. FC Union Berlin,SV 07 Elversberg,model_poisson_v1,30.5,22.2,47.3,1.49,1.9,65.9,66.0,True,pending,,,,A,,,,,,9.2,8.5,Sí,23.8,22.5,Sí,3.7,3.5,Sí,,,,,,
2026-10-04T15:49:30Z,,BL1,2026,5,TSG 1899 Hoffenheim,Hamburger SV,model_poisson_v1,69.6,18.3,12.2,2.22,0.81,58.4,49.4,False,pending,,,,H,,,,,,10.1,8.5,Sí,26.7,22.5,Sí,5.0,3.5,Sí,,,,,,
2026-10-04T15:49:30Z,,BL1,2026,5,FC Augsburg,FC Bayern München,model_poisson_v1,8.9,13.1,78.0,0.94,2.95,74.4,57.6,False,pending,,,,A,,,,,,12.6,8.5,Sí,16.5,22.5,No,3.3,3.5,No,,,,,,
2026-10-04T15:49:30Z,,BL1,2026,5,RB Leipzig,Eintracht Frankfurt,model_poisson_v1,66.1,16.3,17.6,2.85,1.47,80.5,72.5,False,pending,,,,H,,,,,,11.3,8.5,Sí,18.9,22.5,No,3.6,3.5,Sí,,,,,,
2026-10-04T15:49:30Z,,BL1,2026,5,1. FC Köln,Borussia Mönchengladbach,model_poisson_v1,53.7,22.5,23.9,1.89,1.19,59.3,59.0,False,pending,,,,H,,,,,,8.7,8.5,Sí,20.0,22.5,No,4.9,3.5,Sí,,,,,,
2026-10-04T15:49:30Z,,BL1,2026,5,SC Freiburg,FC Schalke 04,model_poisson_v1,59.4,19.9,20.7,2.23,1.26,67.8,64.0,True,pending,,,,H,,,,,,6.3,8.5,No,16.8,22.5,No,2.7,3.5,No,,,,,,
2026-10-04T15:49:33Z,,FL1,2026,6,Racing Club de Lens,Olympique Lyonnais,model_poisson_v1,51.9,25.4,22.7,1.56,0.94,45.7,48.1,False,pending,,,,H,,,,,,15.1,8.5,Sí,22.4,22.5,No,3.9,3.5,Sí,,,,,,
2026-10-04T15:49:33Z,,FL1,2026,6,Lille OSC,Le Havre AC,model_poisson_v1,55.9,26.4,17.7,1.49,0.71,37.5,39.2,False,pending,,,,H,,,,,,8.5,8.5,Sí,25.0,22.5,Sí,4.2,3.5,Sí,,,,,,
2026-10-04T15:49:33Z,,FL1,2026,6,Stade Brestois 29,Angers SCO,model_poisson_v1,52.7,25.8,21.5,1.53,0.87,43.1,45.6,False,pending,,,,H,,,,,,9.5,8.5,Sí,22.2,22.5,No,3.1,3.5,No,,,,,,
2026-10-04T15:49:33Z,,FL1,2026,6,FC Lorient,Paris FC,model_poisson_v1,40.1,24.7,35.2,1.5,1.4,55.4,58.5,False,pending,,,,H,,,,,,8.1,8.5,No,17.3,22.5,No,2.8,3.5,No,,,,,,
2026-10-04T15:49:33Z,,FL1,2026,6,Paris Saint-Germain FC,Le Mans FC,model_poisson_v1,71.3,16.7,12.0,2.46,0.91,65.5,54.8,True,pending,,,,H,,,,,,10.5,8.5,Sí,20.0,22.5,No,2.5,3.5,No,,,,,,
2026-10-04T15:49:33Z,,FL1,2026,6,AS Monaco FC,Toulouse FC,model_poisson_v1,45.3,23.2,31.5,1.76,1.43,61.7,62.9,False,pending,,,,H,,,,,,9.2,8.5,Sí,27.3,22.5,Sí,4.5,3.5,Sí,,,,,,
2026-10-04T15:49:33Z,,FL1,2026,6,OGC Nice,RC Strasbourg Alsace,model_poisson_v1,25.9,22.2,51.9,1.3,1.92,62.5,62.1,False,pending,,,,A,,,,,,9.5,8.5,Sí,22.7,22.5,Sí,2.5,3.5,No,,,,,,
2026-10-04T15:49:33Z,,FL1,2026,6,Stade Rennais FC 1901,AJ Auxerre,model_poisson_v1,63.7,20.6,15.7,2.02,0.89,55.7,51.2,False,pending,,,,H,,,,,,11.6,8.5,Sí,27.6,22.5,Sí,3.6,3.5,Sí,,,,,,
2026-10-04T15:49:33Z,,FL1,2026,6,ES Troyes AC,Olympique de Marseille,model_poisson_v1,26.6,22.9,50.5,1.27,1.83,59.8,60.3,True,pending,,,,A,,,,,,12.9,8.5,Sí,18.6,22.5,No,2.8,3.5,No,,,,,,
2026-10-04T15:49:35Z,,CL,2026,2,Racing Club de Lens,Sporting Clube de Portugal,model_poisson_v1,54.9,22.3,22.9,1.91,1.16,59.1,58.4,True,pending,,,,H,,,,,,11.3,8.5,Sí,19.7,22.5,No,2.7,3.5,No,,,,,,
2026-10-04T15:49:35Z,,CL,2026,2,Sabah FK,SK Slavia Praha,model_poisson_v1,71.9,17.2,10.9,2.31,0.77,59.5,48.5,True,pending,,,,H,,,,,,8.0,8.5,No,21.0,22.5,No,2.0,3.5,No,,,,,,
2026-10-04T15:49:35Z,,CL,2026,2,FC Internazionale Milano,Club Brugge KV,model_poisson_v1,54.9,21.5,23.6,2.02,1.26,63.6,62.2,False,pending,,,,H,,,,,,15.0,8.5,Sí,27.0,22.5,Sí,6.0,3.5,Sí,,,,,,
2026-10-04T15:49:35Z,,CL,2026,2,Galatasaray SK,FC Barcelona,model_poisson_v1,48.6,23.3,28.1,1.77,1.3,59.1,60.3,False,pending,,,,H,,,,,,7.0,8.5,No,19.0,22.5,No,3.7,3.5,Sí,,,,,,
2026-10-04T15:49:35Z,,CL,2026,2,Club Atlético de Madrid,Manchester United FC,model_poisson_v1,62.5,18.0,19.5,2.56,1.4,75.6,69.6,True,pending,,,,H,,,,,,10.2,8.5,Sí,24.4,22.5,Sí,2.4,3.5,No,,,,,,
2026-10-04T15:49:35Z,,CL,2026,2,Arsenal FC,Lille OSC,model_poisson_v1,69.2,19.0,11.9,2.12,0.74,54.4,46.1,True,pending,,,,H,,,,,,9.5,8.5,Sí,22.0,22.5,No,3.0,3.5,No,,,,,,
2026-10-04T15:49:35Z,,CL,2026,2,Viking FK,FC Bayern München,model_poisson_v1,27.9,18.4,53.7,1.92,2.64,83.3,79.2,True,pending,,,,A,,,,,,11.4,8.5,Sí,22.6,22.5,Sí,4.6,3.5,Sí,,,,,,
2026-10-04T15:49:35Z,,CL,2026,2,RB Leipzig,PSV,model_poisson_v1,43.8,23.1,33.1,1.74,1.49,62.6,63.8,True,pending,,,,H,,,,,,8.0,8.5,No,24.0,22.5,Sí,6.0,3.5,Sí,,,,,,
2026-10-04T15:49:35Z,,CL,2026,2,Villarreal CF,SSC Napoli,model_poisson_v1,49.8,22.3,27.9,1.9,1.38,63.7,63.7,True,pending,,,,H,,,,,,7.0,8.5,No,22.0,22.5,No,5.0,3.5,Sí,,,,,,
2026-10-04T15:49:35Z,,CL,2026,2,LASK Linz,Liverpool FC,model_poisson_v1,31.6,25.4,43.0,1.24,1.49,51.4,55.1,True,pending,,,,A,,,,,,,8.5,,,22.5,,,3.5,,,,,,,
2026-10-04T15:49:35Z,,CL,2026,2,Feyenoord Rotterdam,Como 1907,model_poisson_v1,51.1,21.3,27.6,2.06,1.47,68.5,67.2,True,pending,,,,H,,,,,,2.0,8.5,No,21.0,22.5,No,3.0,3.5,No,,,,,,
2026-10-04T15:49:35Z,,CL,2026,2,AS Roma,Real Madrid CF,model_poisson_v1,35.5,20.4,44.1,1.92,2.14,77.0,75.3,True,pending,,,,A,,,,,,7.7,8.5,No,31.0,22.5,Sí,4.3,3.5,Sí,,,,,,
2026-10-04T15:49:35Z,,CL,2026,2,Manchester City FC,Paris Saint-Germain FC,model_poisson_v1,26.7,23.9,49.4,1.19,1.7,55.1,56.8,False,pending,,,,A,,,,,,10.5,8.5,Sí,27.2,22.5,Sí,4.3,3.5,Sí,,,,,,
2026-10-04T15:49:35Z,,CL,2026,2,FK Bodø/Glimt,Borussia Dortmund,model_poisson_v1,62.1,16.9,21.1,2.87,1.69,83.2,76.9,False,pending,,,,H,,,,,,12.0,8.5,Sí,23.0,22.5,Sí,3.0,3.5,No,,,,,,
2026-10-04T15:49:35Z,,CL,2026,2,Aston Villa FC,Fenerbahçe SK,model_poisson_v1,51.1,21.3,27.6,2.06,1.47,68.5,67.2,True,pending,,,,H,,,,,,6.0,8.5,No,27.0,22.5,Sí,7.0,3.5,Sí,,,,,,
2026-10-04T15:49:35Z,,CL,2026,2,Real Betis Balompié,FC Porto,model_poisson_v1,51.1,21.3,27.6,2.06,1.47,68.5,67.2,True,pending,,,,H,,,,,,7.0,8.5,No,23.0,22.5,Sí,4.0,3.5,Sí,,,,,,
2026-10-04T15:49:35Z,,CL,2026,2,FK Shakhtar Donetsk,PAE AEK,model_poisson_v1,51.1,21.3,27.6,2.06,1.47,68.5,67.2,True,pending,,,,H,,,,,,,8.5,,,22.5,,,3.5,,,,,,,
2026-10-04T15:49:35Z,,CL,2026,2,ŠK Slovan Bratislava,VfB Stuttgart,model_poisson_v1,51.1,21.3,27.6,2.06,1.47,68.5,67.2,True,pending,,,,H,,,,,,5.0,8.5,No,19.0,22.5,No,1.0,3.5,No,,,,,,
2026-10-04T15:54:16Z,,EL,2026,2,Sparta Praha,Lillestrøm,model_poisson_v1,45.3,25.5,29.1,1.51,1.16,50.0,53.5,True,pending,,,,H,,,,,,,8.5,,,22.5,,,3.5,,,,,,,
2026-10-04T15:54:16Z,,EL,2026,2,Torreense,Sunderland,model_poisson_v1,52.4,24.9,22.7,1.61,0.97,47.6,49.6,True,pending,,,,H,,,,,,,8.5,,,22.5,,,3.5,,,,,,,
2026-10-04T15:54:16Z,,EL,2026,2,AZ,Hapoel Be'er Sheva,model_poisson_v1,56.1,22.4,21.5,1.88,1.08,56.9,56.0,True,pending,,,,H,,,,,,,8.5,,,22.5,,,3.5,,,,,,,
2026-10-04T15:54:16Z,,EL,2026,2,Celje,Omonia Nicosia,model_poisson_v1,45.3,25.5,29.1,1.51,1.16,50.0,53.5,True,pending,,,,H,,,,,,,8.5,,,22.5,,,3.5,,,,,,,
2026-10-04T15:54:16Z,,EL,2026,2,Lech Poznań,Bayer Leverkusen,model_poisson_v1,38.5,25.1,36.4,1.44,1.39,53.8,57.3,True,pending,,,,H,,,,,,,8.5,,,22.5,,,3.5,,,,,,,
2026-10-04T15:54:16Z,,EL,2026,2,Olympique Lyonnais,Crystal Palace,model_poisson_v1,56.5,23.9,19.6,1.7,0.89,48.1,48.3,True,pending,,,,H,,,,,,,8.5,,,22.5,,,3.5,,,,,,,
2026-10-04T15:54:16Z,,EL,2026,2,Union Saint-Gilloise,Real Sociedad,model_poisson_v1,45.3,24.6,30.1,1.6,1.26,54.3,57.0,True,pending,,,,H,,,,,,,8.5,,,22.5,,,3.5,,,,,,,
2026-10-04T15:54:16Z,,EL,2026,2,Salzburg,Milan,model_poisson_v1,28.1,25.7,46.2,1.11,1.5,48.4,52.1,True,pending,,,,A,,,,,,,8.5,,,22.5,,,3.5,,,,,,,
2026-10-04T15:54:16Z,,EL,2026,2,Jagiellonia Białystok,Ararat-Armenia,model_poisson_v1,45.3,25.5,29.1,1.51,1.16,50.0,53.5,True,pending,,,,H,,,,,,,8.5,,,22.5,,,3.5,,,,,,,
2026-10-04T15:54:16Z,,EL,2026,2,Olympique Marseille,Olympiakos Piraeus,model_poisson_v1,60.7,20.0,19.3,2.19,1.16,65.1,61.0,True,pending,,,,H,,,,,,,8.5,,,22.5,,,3.5,,,,,,,
2026-10-04T15:54:16Z,,EL,2026,2,NEC,Levski Sofia,model_poisson_v1,51.5,23.0,25.5,1.81,1.21,58.2,58.7,True,pending,,,,H,,,,,,,8.5,,,22.5,,,3.5,,,,,,,
2026-10-04T15:54:16Z,,EL,2026,2,Rennes,OFI,model_poisson_v1,53.6,24.1,22.3,1.69,1.0,50.5,51.6,True,pending,,,,H,,,,,,,8.5,,,22.5,,,3.5,,,,,,,
2026-10-04T15:54:16Z,,EL,2026,2,Benfica,Celtic,model_poisson_v1,68.9,16.9,14.3,2.56,1.1,70.7,61.5,True,pending,,,,H,,,,,,,8.5,,,22.5,,,3.5,,,,,,,
2026-10-04T15:54:16Z,,EL,2026,2,AFC Bournemouth,Sturm Graz,model_poisson_v1,64.8,21.7,13.5,1.85,0.7,47.1,42.6,True,pending,,,,H,,,,,,,8.5,,,22.5,,,3.5,,,,,,,
2026-10-04T15:54:16Z,,EL,2026,2,Celta de Vigo,Juventus FC,model_poisson_v1,28.0,24.6,47.4,1.19,1.62,53.2,55.7,True,pending,,,,A,,,,,,,8.5,,,22.5,,,3.5,,,,,,,
2026-10-04T15:54:16Z,,EL,2026,2,Dinamo Zagreb,Anderlecht,model_poisson_v1,41.9,22.5,35.6,1.79,1.64,66.6,67.2,True,pending,,,,H,,,,,,,8.5,,,22.5,,,3.5,,,,,,,
2026-10-04T15:54:16Z,,EL,2026,2,Ferencváros,Viktoria Plzeň,model_poisson_v1,35.5,30.8,33.7,1.02,0.98,32.4,40.0,True,pending,,,,H,,,,,,,8.5,,,22.5,,,3.5,,,,,,,
2026-10-04T15:54:16Z,,EL,2026,2,Hoffenheim,Beşiktaş,model_poisson_v1,51.3,24.4,24.3,1.66,1.07,51.3,53.1,True,pending,,,,H,,,,,,,8.5,,,22.5,,,3.5,,,,,,,
2026-10-04T15:54:19Z,2026-10-04T15:54:19Z,EL,2026,1,Sunderland,AZ,backtest_walkforward_v1,36.5,31.0,32.5,1.03,0.95,31.8,39.5,True,resolved,1.0,0.0,H,H,True,False,True,False,True,,,,,,,,,,,,,,,
2026-10-04T15:54:19Z,2026-10-04T15:54:19Z,EL,2026,1,Sturm Graz,Rennes,backtest_walkforward_v1,41.6,28.1,30.3,1.27,1.04,40.6,46.4,True,resolved,0.0,0.0,D,H,False,False,True,False,True,,,,,,,,,,,,,,,
2026-10-04T15:54:19Z,2026-10-04T15:54:19Z,EL,2026,1,Milan,Benfica,backtest_walkforward_v1,14.2,21.4,64.4,0.76,1.9,49.6,45.2,True,resolved,0.0,2.0,A,A,True,False,True,False,True,,,,,,,,,,,,,,,
2026-10-04T15:54:19Z,2026-10-04T15:54:19Z,EL,2026,1,Celtic,Ferencváros,backtest_walkforward_v1,37.1,22.8,40.1,1.65,1.72,65.4,66.3,True,resolved,1.0,3.0,A,A,True,True,True,True,True,,,,,,,,,,,,,,,
2026-10-04T15:54:19Z,2026-10-04T15:54:19Z,EL,2026,1,Real Sociedad,AFC Bournemouth,backtest_walkforward_v1,40.3,21.5,38.2,1.89,1.84,72.0,71.5,True,resolved,1.0,2.0,A,H,False,True,True,True,True,,,,,,,,,,,,,,,
2026-10-04T15:54:19Z,2026-10-04T15:54:19Z,EL,2026,1,Juventus FC,NEC,backtest_walkforward_v1,54.4,22.6,23.0,1.86,1.13,57.4,57.1,True,resolved,5.0,0.0,H,H,True,True,True,False,False,,,,,,,,,,,,,,,
