match_id,competition,season_start_year,matchday,utc_date,status,home_team,away_team,home_team_short,away_team_short,home_goals,away_goals,winner
545700,PPL,2025,1,2025-08-08T19:15:00Z,FINISHED,Casa Pia AC,Sporting Clube de Portugal,Casa Pia,Sporting CP,0,2,AWAY_TEAM
545706,PPL,2025,1,2025-08-09T14:30:00Z,FINISHED,CD Nacional,Gil Vicente FC,CD Nacional,Gil Vicente,0,2,AWAY_TEAM
545703,PPL,2025,1,2025-08-09T19:30:00Z,FINISHED,FC Arouca,AVS,Arouca,AVS,3,1,HOME_TEAM
545707,PPL,2025,1,2025-08-10T16:00:00Z,FINISHED,FC Famalicão,CD Santa Clara,Famalicão,Santa Clara,3,0,HOME_TEAM
545701,PPL,2025,1,2025-08-10T19:30:00Z,FINISHED,Sporting Clube de Braga,CD Tondela,Braga,Tondela,3,0,HOME_TEAM
545705,PPL,2025,1,2025-08-10T19:30:00Z,FINISHED,Moreirense FC,FC Alverca,Moreirense,Alverca,2,1,HOME_TEAM
545704,PPL,2025,1,2025-08-11T17:45:00Z,FINISHED,GD Estoril Praia,CF Estrela da Amadora,Estoril Praia,Amadora,1,1,DRAW
545708,PPL,2025,1,2025-08-11T19:45:00Z,FINISHED,FC Porto,Vitória SC,Porto,Vitória SC,3,0,HOME_TEAM
545709,PPL,2025,2,2025-08-15T14:45:00Z,FINISHED,AVS,Casa Pia AC,AVS,Casa Pia,0,2,AWAY_TEAM
545716,PPL,2025,2,2025-08-16T14:30:00Z,FINISHED,CD Tondela,FC Famalicão,Tondela,Famalicão,0,1,AWAY_TEAM
545714,PPL,2025,2,2025-08-16T17:00:00Z,FINISHED,Vitória SC,GD Estoril Praia,Vitória SC,Estoril Praia,3,2,HOME_TEAM
545717,PPL,2025,2,2025-08-16T19:30:00Z,FINISHED,CF Estrela da Amadora,Sport Lisboa e Benfica,Amadora,SL Benfica,0,1,AWAY_TEAM
545713,PPL,2025,2,2025-08-17T14:30:00Z,FINISHED,Rio Ave FC,CD Nacional,Rio Ave,CD Nacional,1,1,DRAW
545710,PPL,2025,2,2025-08-17T17:00:00Z,FINISHED,FC Alverca,Sporting Clube de Braga,Alverca,Braga,0,3,AWAY_TEAM
545712,PPL,2025,2,2025-08-17T17:00:00Z,FINISHED,CD Santa Clara,Moreirense FC,Santa Clara,Moreirense,0,1,AWAY_TEAM
545715,PPL,2025,2,2025-08-17T19:30:00Z,FINISHED,Sporting Clube de Portugal,FC Arouca,Sporting CP,Arouca,6,0,HOME_TEAM
545711,PPL,2025,2,2025-08-18T19:15:00Z,FINISHED,Gil Vicente FC,FC Porto,Gil Vicente,Porto,0,2,AWAY_TEAM
545726,PPL,2025,3,2025-08-23T15:00:00Z,FINISHED,Moreirense FC,Vitória SC,Moreirense,Vitória SC,2,0,HOME_TEAM
545718,PPL,2025,3,2025-08-23T17:00:00Z,FINISHED,CD Nacional,Sporting Clube de Portugal,CD Nacional,Sporting CP,1,4,AWAY_TEAM
545719,PPL,2025,3,2025-08-23T19:30:00Z,FINISHED,FC Arouca,Rio Ave FC,Arouca,Rio Ave,3,3,DRAW
545721,PPL,2025,3,2025-08-23T19:30:00Z,FINISHED,Sport Lisboa e Benfica,CD Tondela,SL Benfica,Tondela,3,0,HOME_TEAM
545720,PPL,2025,3,2025-08-24T14:30:00Z,FINISHED,FC Famalicão,Gil Vicente FC,Famalicão,Gil Vicente,0,0,DRAW
545723,PPL,2025,3,2025-08-24T17:00:00Z,FINISHED,FC Porto,Casa Pia AC,Porto,Casa Pia,4,0,HOME_TEAM
545722,PPL,2025,3,2025-08-24T19:30:00Z,FINISHED,Sporting Clube de Braga,AVS,Braga,AVS,2,2,DRAW
545724,PPL,2025,3,2025-08-25T19:15:00Z,FINISHED,CF Estrela da Amadora,FC Alverca,Amadora,Alverca,2,2,DRAW
545730,PPL,2025,4,2025-08-29T19:15:00Z,FINISHED,Gil Vicente FC,Moreirense FC,Gil Vicente,Moreirense,2,0,HOME_TEAM
545728,PPL,2025,4,2025-08-30T14:30:00Z,FINISHED,Casa Pia AC,CD Nacional,Casa Pia,CD Nacional,0,2,AWAY_TEAM
545727,PPL,2025,4,2025-08-30T17:00:00Z,FINISHED,AVS,FC Famalicão,AVS,Famalicão,0,1,AWAY_TEAM
545733,PPL,2025,4,2025-08-30T17:00:00Z,FINISHED,Vitória SC,FC Arouca,Vitória SC,Arouca,1,1,DRAW
545734,PPL,2025,4,2025-08-30T19:30:00Z,FINISHED,Sporting Clube de Portugal,FC Porto,Sporting CP,Porto,1,2,AWAY_TEAM
545732,PPL,2025,4,2025-08-31T14:30:00Z,FINISHED,CD Tondela,GD Estoril Praia,Tondela,Estoril Praia,2,2,DRAW
545729,PPL,2025,4,2025-08-31T17:00:00Z,FINISHED,FC Alverca,Sport Lisboa e Benfica,Alverca,SL Benfica,1,2,AWAY_TEAM
545731,PPL,2025,4,2025-08-31T19:30:00Z,FINISHED,CD Santa Clara,CF Estrela da Amadora,Santa Clara,Amadora,0,0,DRAW
545735,PPL,2025,4,2025-08-31T19:30:00Z,FINISHED,Rio Ave FC,Sporting Clube de Braga,Rio Ave,Braga,2,2,DRAW
545725,PPL,2025,3,2025-09-06T19:30:00Z,FINISHED,GD Estoril Praia,CD Santa Clara,Estoril Praia,Santa Clara,0,1,AWAY_TEAM
545737,PPL,2025,5,2025-09-12T19:15:00Z,FINISHED,FC Alverca,CD Tondela,Alverca,Tondela,1,0,HOME_TEAM
545742,PPL,2025,5,2025-09-12T19:15:00Z,FINISHED,Sport Lisboa e Benfica,CD Santa Clara,SL Benfica,Santa Clara,1,1,DRAW
545740,PPL,2025,5,2025-09-13T14:30:00Z,FINISHED,Moreirense FC,Rio Ave FC,Moreirense,Rio Ave,3,1,HOME_TEAM
545743,PPL,2025,5,2025-09-13T14:30:00Z,FINISHED,GD Estoril Praia,AVS,Estoril Praia,AVS,3,1,HOME_TEAM
545744,PPL,2025,5,2025-09-13T17:00:00Z,FINISHED,FC Porto,CD Nacional,Porto,CD Nacional,1,0,HOME_TEAM
545739,PPL,2025,5,2025-09-13T19:30:00Z,FINISHED,FC Famalicão,Sporting Clube de Portugal,Famalicão,Sporting CP,1,2,AWAY_TEAM
545736,PPL,2025,5,2025-09-14T14:30:00Z,FINISHED,CF Estrela da Amadora,Vitória SC,Amadora,Vitória SC,0,2,AWAY_TEAM
545738,PPL,2025,5,2025-09-14T17:00:00Z,FINISHED,FC Arouca,Casa Pia AC,Arouca,Casa Pia,0,2,AWAY_TEAM
545741,PPL,2025,5,2025-09-14T19:30:00Z,FINISHED,Sporting Clube de Braga,Gil Vicente FC,Braga,Gil Vicente,0,1,AWAY_TEAM
545751,PPL,2025,6,2025-09-19T19:15:00Z,FINISHED,Rio Ave FC,FC Porto,Rio Ave,Porto,0,3,AWAY_TEAM
545749,PPL,2025,6,2025-09-20T14:30:00Z,FINISHED,CD Santa Clara,FC Alverca,Santa Clara,Alverca,2,1,HOME_TEAM
545750,PPL,2025,6,2025-09-20T14:30:00Z,FINISHED,CD Nacional,FC Arouca,CD Nacional,Arouca,1,2,AWAY_TEAM
545745,PPL,2025,6,2025-09-20T17:00:00Z,FINISHED,AVS,Sport Lisboa e Benfica,AVS,SL Benfica,0,3,AWAY_TEAM
545753,PPL,2025,6,2025-09-20T19:30:00Z,FINISHED,Vitória SC,Sporting Clube de Braga,Vitória SC,Braga,1,1,DRAW
545748,PPL,2025,6,2025-09-21T14:30:00Z,FINISHED,CD Tondela,CF Estrela da Amadora,Tondela,Amadora,0,0,DRAW
545747,PPL,2025,6,2025-09-21T17:00:00Z,FINISHED,Gil Vicente FC,GD Estoril Praia,Gil Vicente,Estoril Praia,2,0,HOME_TEAM
545746,PPL,2025,6,2025-09-21T19:30:00Z,FINISHED,Casa Pia AC,FC Famalicão,Casa Pia,Famalicão,1,1,DRAW
545752,PPL,2025,6,2025-09-22T19:15:00Z,FINISHED,Sporting Clube de Portugal,Moreirense FC,Sporting CP,Moreirense,3,0,HOME_TEAM
545702,PPL,2025,1,2025-09-23T19:15:00Z,FINISHED,Sport Lisboa e Benfica,Rio Ave FC,SL Benfica,Rio Ave,1,1,DRAW
545760,PPL,2025,7,2025-09-26T19:15:00Z,FINISHED,Sport Lisboa e Benfica,Gil Vicente FC,SL Benfica,Gil Vicente,2,1,HOME_TEAM
545762,PPL,2025,7,2025-09-27T14:30:00Z,FINISHED,Moreirense FC,Casa Pia AC,Moreirense,Casa Pia,2,1,HOME_TEAM
545758,PPL,2025,7,2025-09-27T15:30:00Z,FINISHED,CD Santa Clara,CD Tondela,Santa Clara,Tondela,1,2,AWAY_TEAM
545761,PPL,2025,7,2025-09-27T17:00:00Z,FINISHED,CF Estrela da Amadora,AVS,Amadora,AVS,3,0,HOME_TEAM
545754,PPL,2025,7,2025-09-27T19:30:00Z,FINISHED,GD Estoril Praia,Sporting Clube de Portugal,Estoril Praia,Sporting CP,0,1,AWAY_TEAM
545755,PPL,2025,7,2025-09-28T14:30:00Z,FINISHED,FC Alverca,Vitória SC,Alverca,Vitória SC,2,0,HOME_TEAM
545759,PPL,2025,7,2025-09-28T17:00:00Z,FINISHED,Sporting Clube de Braga,CD Nacional,Braga,CD Nacional,0,1,AWAY_TEAM
545757,PPL,2025,7,2025-09-28T19:30:00Z,FINISHED,FC Famalicão,Rio Ave FC,Famalicão,Rio Ave,0,0,DRAW
545756,PPL,2025,7,2025-09-29T19:00:00Z,FINISHED,FC Arouca,FC Porto,Arouca,Porto,0,4,AWAY_TEAM
545764,PPL,2025,8,2025-10-03T19:15:00Z,FINISHED,Casa Pia AC,GD Estoril Praia,Casa Pia,Estoril Praia,2,2,DRAW
545767,PPL,2025,8,2025-10-04T14:30:00Z,FINISHED,Gil Vicente FC,CF Estrela da Amadora,Gil Vicente,Amadora,2,0,HOME_TEAM
545768,PPL,2025,8,2025-10-04T14:30:00Z,FINISHED,CD Nacional,Moreirense FC,CD Nacional,Moreirense,3,2,HOME_TEAM
545763,PPL,2025,8,2025-10-04T17:00:00Z,FINISHED,AVS,FC Alverca,AVS,Alverca,1,3,AWAY_TEAM
545769,PPL,2025,8,2025-10-04T19:30:00Z,FINISHED,Vitória SC,CD Santa Clara,Vitória SC,Santa Clara,2,1,HOME_TEAM
545765,PPL,2025,8,2025-10-05T14:30:00Z,FINISHED,FC Arouca,FC Famalicão,Arouca,Famalicão,1,1,DRAW
545766,PPL,2025,8,2025-10-05T16:30:00Z,FINISHED,Rio Ave FC,CD Tondela,Rio Ave,Tondela,3,0,HOME_TEAM
545770,PPL,2025,8,2025-10-05T18:15:00Z,FINISHED,Sporting Clube de Portugal,Sporting Clube de Braga,Sporting CP,Braga,1,1,DRAW
545771,PPL,2025,8,2025-10-05T20:15:00Z,FINISHED,FC Porto,Sport Lisboa e Benfica,Porto,SL Benfica,0,0,DRAW
545774,PPL,2025,9,2025-10-24T19:15:00Z,FINISHED,FC Alverca,Gil Vicente FC,Alverca,Gil Vicente,0,4,AWAY_TEAM
545778,PPL,2025,9,2025-10-25T17:00:00Z,FINISHED,CD Santa Clara,AVS,Santa Clara,AVS,2,0,HOME_TEAM
545773,PPL,2025,9,2025-10-25T19:30:00Z,FINISHED,CF Estrela da Amadora,Rio Ave FC,Amadora,Rio Ave,1,2,AWAY_TEAM
545779,PPL,2025,9,2025-10-25T19:30:00Z,FINISHED,Sport Lisboa e Benfica,FC Arouca,SL Benfica,Arouca,5,0,HOME_TEAM
545772,PPL,2025,9,2025-10-26T15:30:00Z,FINISHED,GD Estoril Praia,CD Nacional,Estoril Praia,CD Nacional,1,1,DRAW
545775,PPL,2025,9,2025-10-26T15:30:00Z,FINISHED,FC Famalicão,Vitória SC,Famalicão,Vitória SC,2,0,HOME_TEAM
545780,PPL,2025,9,2025-10-26T18:00:00Z,FINISHED,CD Tondela,Sporting Clube de Portugal,Tondela,Sporting CP,0,3,AWAY_TEAM
545777,PPL,2025,9,2025-10-26T20:30:00Z,FINISHED,Sporting Clube de Braga,Casa Pia AC,Braga,Casa Pia,4,0,HOME_TEAM
545776,PPL,2025,9,2025-10-27T20:15:00Z,FINISHED,Moreirense FC,FC Porto,Moreirense,Porto,1,2,AWAY_TEAM
545785,PPL,2025,10,2025-10-31T20:15:00Z,FINISHED,Sporting Clube de Portugal,FC Alverca,Sporting CP,Alverca,2,0,HOME_TEAM
545786,PPL,2025,10,2025-11-01T15:30:00Z,FINISHED,CD Nacional,FC Famalicão,CD Nacional,Famalicão,0,1,AWAY_TEAM
545782,PPL,2025,10,2025-11-01T18:00:00Z,FINISHED,Casa Pia AC,CF Estrela da Amadora,Casa Pia,Amadora,3,5,AWAY_TEAM
545784,PPL,2025,10,2025-11-01T18:00:00Z,FINISHED,Rio Ave FC,GD Estoril Praia,Rio Ave,Estoril Praia,0,4,AWAY_TEAM
545789,PPL,2025,10,2025-11-01T20:30:00Z,FINISHED,Vitória SC,Sport Lisboa e Benfica,Vitória SC,SL Benfica,0,3,AWAY_TEAM
545781,PPL,2025,10,2025-11-02T15:30:00Z,FINISHED,AVS,CD Tondela,AVS,Tondela,2,2,DRAW
545783,PPL,2025,10,2025-11-02T18:00:00Z,FINISHED,FC Arouca,Moreirense FC,Arouca,Moreirense,0,2,AWAY_TEAM
545788,PPL,2025,10,2025-11-02T20:30:00Z,FINISHED,FC Porto,Sporting Clube de Braga,Porto,Braga,2,1,HOME_TEAM
545787,PPL,2025,10,2025-11-03T20:45:00Z,FINISHED,Gil Vicente FC,CD Santa Clara,Gil Vicente,Santa Clara,1,0,HOME_TEAM
545797,PPL,2025,11,2025-11-07T20:15:00Z,FINISHED,GD Estoril Praia,FC Arouca,Estoril Praia,Arouca,4,3,HOME_TEAM
545792,PPL,2025,11,2025-11-08T15:30:00Z,FINISHED,FC Alverca,Rio Ave FC,Alverca,Rio Ave,1,1,DRAW
545798,PPL,2025,11,2025-11-08T18:00:00Z,FINISHED,CD Tondela,Vitória SC,Tondela,Vitória SC,0,1,AWAY_TEAM
545794,PPL,2025,11,2025-11-08T20:30:00Z,FINISHED,CD Santa Clara,Sporting Clube de Portugal,Santa Clara,Sporting CP,1,2,AWAY_TEAM
545790,PPL,2025,11,2025-11-09T15:30:00Z,FINISHED,AVS,Gil Vicente FC,AVS,Gil Vicente,1,1,DRAW
545791,PPL,2025,11,2025-11-09T15:30:00Z,FINISHED,CF Estrela da Amadora,CD Nacional,Amadora,CD Nacional,1,1,DRAW
545793,PPL,2025,11,2025-11-09T18:00:00Z,FINISHED,FC Famalicão,FC Porto,Famalicão,Porto,0,1,AWAY_TEAM
545795,PPL,2025,11,2025-11-09T20:30:00Z,FINISHED,Sporting Clube de Braga,Moreirense FC,Braga,Moreirense,2,1,HOME_TEAM
545796,PPL,2025,11,2025-11-09T20:30:00Z,FINISHED,Sport Lisboa e Benfica,Casa Pia AC,SL Benfica,Casa Pia,2,2,DRAW
545801,PPL,2025,12,2025-11-28T20:15:00Z,FINISHED,Vitória SC,AVS,Vitória SC,AVS,4,0,HOME_TEAM
545804,PPL,2025,12,2025-11-29T15:30:00Z,FINISHED,Casa Pia AC,FC Alverca,Casa Pia,Alverca,0,2,AWAY_TEAM
545805,PPL,2025,12,2025-11-29T15:30:00Z,FINISHED,Moreirense FC,FC Famalicão,Moreirense,Famalicão,2,2,DRAW
545807,PPL,2025,12,2025-11-29T18:00:00Z,FINISHED,CD Nacional,Sport Lisboa e Benfica,CD Nacional,SL Benfica,1,2,AWAY_TEAM
545800,PPL,2025,12,2025-11-29T20:30:00Z,FINISHED,Gil Vicente FC,CD Tondela,Gil Vicente,Tondela,0,1,AWAY_TEAM
545806,PPL,2025,12,2025-11-30T15:30:00Z,FINISHED,Rio Ave FC,CD Santa Clara,Rio Ave,Santa Clara,1,1,DRAW
545803,PPL,2025,12,2025-11-30T18:00:00Z,FINISHED,Sporting Clube de Portugal,CF Estrela da Amadora,Sporting CP,Amadora,4,0,HOME_TEAM
545802,PPL,2025,12,2025-11-30T20:30:00Z,FINISHED,FC Porto,GD Estoril Praia,Porto,Estoril Praia,1,0,HOME_TEAM
545799,PPL,2025,12,2025-12-01T20:15:00Z,FINISHED,FC Arouca,Sporting Clube de Braga,Arouca,Braga,0,4,AWAY_TEAM
545812,PPL,2025,13,2025-12-05T20:15:00Z,FINISHED,Sport Lisboa e Benfica,Sporting Clube de Portugal,SL Benfica,Sporting CP,1,1,DRAW
545811,PPL,2025,13,2025-12-06T15:30:00Z,FINISHED,CD Santa Clara,Casa Pia AC,Santa Clara,Casa Pia,1,0,HOME_TEAM
545808,PPL,2025,13,2025-12-06T18:00:00Z,FINISHED,AVS,Rio Ave FC,AVS,Rio Ave,1,2,AWAY_TEAM
545816,PPL,2025,13,2025-12-06T20:30:00Z,FINISHED,FC Famalicão,Sporting Clube de Braga,Famalicão,Braga,1,2,AWAY_TEAM
545809,PPL,2025,13,2025-12-07T15:30:00Z,FINISHED,GD Estoril Praia,Moreirense FC,Estoril Praia,Moreirense,3,3,DRAW
545810,PPL,2025,13,2025-12-07T18:00:00Z,FINISHED,FC Alverca,CD Nacional,Alverca,CD Nacional,1,0,HOME_TEAM
545814,PPL,2025,13,2025-12-07T18:00:00Z,FINISHED,CF Estrela da Amadora,FC Arouca,Amadora,Arouca,3,1,HOME_TEAM
545815,PPL,2025,13,2025-12-07T20:30:00Z,FINISHED,CD Tondela,FC Porto,Tondela,Porto,0,2,AWAY_TEAM
545813,PPL,2025,13,2025-12-08T20:30:00Z,FINISHED,Vitória SC,Gil Vicente FC,Vitória SC,Gil Vicente,0,0,DRAW
545817,PPL,2025,14,2025-12-13T15:30:00Z,FINISHED,Casa Pia AC,Gil Vicente FC,Casa Pia,Gil Vicente,1,1,DRAW
545825,PPL,2025,14,2025-12-13T18:00:00Z,FINISHED,Rio Ave FC,Vitória SC,Rio Ave,Vitória SC,0,1,AWAY_TEAM
545820,PPL,2025,14,2025-12-13T20:30:00Z,FINISHED,Sporting Clube de Portugal,AVS,Sporting CP,AVS,6,0,HOME_TEAM
545821,PPL,2025,14,2025-12-14T15:30:00Z,FINISHED,FC Famalicão,GD Estoril Praia,Famalicão,Estoril Praia,4,0,HOME_TEAM
545824,PPL,2025,14,2025-12-14T18:00:00Z,FINISHED,Moreirense FC,Sport Lisboa e Benfica,Moreirense,SL Benfica,0,4,AWAY_TEAM
545823,PPL,2025,14,2025-12-14T20:30:00Z,FINISHED,FC Arouca,FC Alverca,Arouca,Alverca,1,0,HOME_TEAM
545818,PPL,2025,14,2025-12-15T17:30:00Z,FINISHED,CD Nacional,CD Tondela,CD Nacional,Tondela,3,1,HOME_TEAM
545819,PPL,2025,14,2025-12-15T18:45:00Z,FINISHED,Sporting Clube de Braga,CD Santa Clara,Braga,Santa Clara,1,0,HOME_TEAM
545822,PPL,2025,14,2025-12-15T20:45:00Z,FINISHED,FC Porto,CF Estrela da Amadora,Porto,Amadora,3,1,HOME_TEAM
545834,PPL,2025,15,2025-12-19T20:15:00Z,FINISHED,GD Estoril Praia,Sporting Clube de Braga,Estoril Praia,Braga,1,0,HOME_TEAM
545829,PPL,2025,15,2025-12-20T18:00:00Z,FINISHED,Gil Vicente FC,Rio Ave FC,Gil Vicente,Rio Ave,2,2,DRAW
545827,PPL,2025,15,2025-12-20T20:30:00Z,FINISHED,CF Estrela da Amadora,Moreirense FC,Amadora,Moreirense,0,0,DRAW
545826,PPL,2025,15,2025-12-21T15:30:00Z,FINISHED,AVS,CD Nacional,AVS,CD Nacional,2,2,DRAW
545832,PPL,2025,15,2025-12-21T18:00:00Z,FINISHED,CD Tondela,Casa Pia AC,Tondela,Casa Pia,1,2,AWAY_TEAM
545833,PPL,2025,15,2025-12-21T20:30:00Z,FINISHED,CD Santa Clara,FC Arouca,Santa Clara,Arouca,0,0,DRAW
545828,PPL,2025,15,2025-12-22T18:45:00Z,FINISHED,FC Alverca,FC Porto,Alverca,Porto,0,3,AWAY_TEAM
545830,PPL,2025,15,2025-12-22T20:45:00Z,FINISHED,Sport Lisboa e Benfica,FC Famalicão,SL Benfica,Famalicão,1,0,HOME_TEAM
545831,PPL,2025,15,2025-12-23T20:45:00Z,FINISHED,Vitória SC,Sporting Clube de Portugal,Vitória SC,Sporting CP,1,4,AWAY_TEAM
545839,PPL,2025,16,2025-12-27T18:00:00Z,FINISHED,FC Famalicão,CF Estrela da Amadora,Famalicão,Amadora,2,3,AWAY_TEAM
545840,PPL,2025,16,2025-12-27T20:30:00Z,FINISHED,GD Estoril Praia,FC Alverca,Estoril Praia,Alverca,4,1,HOME_TEAM
545835,PPL,2025,16,2025-12-28T15:30:00Z,FINISHED,Casa Pia AC,Vitória SC,Casa Pia,Vitória SC,0,0,DRAW
545836,PPL,2025,16,2025-12-28T15:30:00Z,FINISHED,FC Arouca,Gil Vicente FC,Arouca,Gil Vicente,2,2,DRAW
545843,PPL,2025,16,2025-12-28T18:00:00Z,FINISHED,Sporting Clube de Braga,Sport Lisboa e Benfica,Braga,SL Benfica,2,2,DRAW
545841,PPL,2025,16,2025-12-28T20:30:00Z,FINISHED,Sporting Clube de Portugal,Rio Ave FC,Sporting CP,Rio Ave,4,0,HOME_TEAM
545838,PPL,2025,16,2025-12-29T20:15:00Z,FINISHED,FC Porto,AVS,Porto,AVS,2,0,HOME_TEAM
545846,PPL,2025,17,2026-01-02T18:45:00Z,FINISHED,Gil Vicente FC,Sporting Clube de Portugal,Gil Vicente,Sporting CP,1,1,DRAW
545849,PPL,2025,17,2026-01-02T20:45:00Z,FINISHED,Vitória SC,CD Nacional,Vitória SC,CD Nacional,2,1,HOME_TEAM
545851,PPL,2025,17,2026-01-03T15:30:00Z,FINISHED,CD Tondela,FC Arouca,Tondela,Arouca,3,1,HOME_TEAM
545848,PPL,2025,17,2026-01-03T18:00:00Z,FINISHED,Sport Lisboa e Benfica,GD Estoril Praia,SL Benfica,Estoril Praia,3,1,HOME_TEAM
545852,PPL,2025,17,2026-01-03T18:00:00Z,FINISHED,CF Estrela da Amadora,Sporting Clube de Braga,Amadora,Braga,3,3,DRAW
545844,PPL,2025,17,2026-01-03T20:30:00Z,FINISHED,AVS,Moreirense FC,AVS,Moreirense,0,2,AWAY_TEAM
545850,PPL,2025,17,2026-01-04T15:30:00Z,FINISHED,Rio Ave FC,Casa Pia AC,Rio Ave,Casa Pia,3,1,HOME_TEAM
545847,PPL,2025,17,2026-01-04T18:00:00Z,FINISHED,CD Santa Clara,FC Porto,Santa Clara,Porto,0,1,AWAY_TEAM
545845,PPL,2025,17,2026-01-04T20:30:00Z,FINISHED,FC Alverca,FC Famalicão,Alverca,Famalicão,1,0,HOME_TEAM
545842,PPL,2025,16,2026-01-11T15:30:00Z,FINISHED,CD Nacional,CD Santa Clara,CD Nacional,Santa Clara,3,3,DRAW
545837,PPL,2025,16,2026-01-11T18:00:00Z,FINISHED,Moreirense FC,CD Tondela,Moreirense,Tondela,1,0,HOME_TEAM
545853,PPL,2025,18,2026-01-16T20:15:00Z,FINISHED,Sporting Clube de Portugal,Casa Pia AC,Sporting CP,Casa Pia,3,0,HOME_TEAM
545859,PPL,2025,18,2026-01-17T15:30:00Z,FINISHED,Gil Vicente FC,CD Nacional,Gil Vicente,CD Nacional,2,1,HOME_TEAM
545856,PPL,2025,18,2026-01-17T18:00:00Z,FINISHED,AVS,FC Arouca,AVS,Arouca,0,1,AWAY_TEAM
545858,PPL,2025,18,2026-01-17T18:00:00Z,FINISHED,FC Alverca,Moreirense FC,Alverca,Moreirense,2,1,HOME_TEAM
545855,PPL,2025,18,2026-01-17T20:30:00Z,FINISHED,Rio Ave FC,Sport Lisboa e Benfica,Rio Ave,SL Benfica,0,2,AWAY_TEAM
545860,PPL,2025,18,2026-01-18T15:30:00Z,FINISHED,CD Santa Clara,FC Famalicão,Santa Clara,Famalicão,0,1,AWAY_TEAM
545854,PPL,2025,18,2026-01-18T18:00:00Z,FINISHED,CD Tondela,Sporting Clube de Braga,Tondela,Braga,0,1,AWAY_TEAM
545861,PPL,2025,18,2026-01-18T20:30:00Z,FINISHED,Vitória SC,FC Porto,Vitória SC,Porto,0,1,AWAY_TEAM
545857,PPL,2025,18,2026-01-19T20:15:00Z,FINISHED,CF Estrela da Amadora,GD Estoril Praia,Amadora,Estoril Praia,0,5,AWAY_TEAM
545862,PPL,2025,19,2026-01-23T20:15:00Z,FINISHED,Casa Pia AC,AVS,Casa Pia,AVS,3,3,DRAW
545865,PPL,2025,19,2026-01-24T15:30:00Z,FINISHED,Moreirense FC,CD Santa Clara,Moreirense,Santa Clara,1,0,HOME_TEAM
545868,PPL,2025,19,2026-01-24T18:00:00Z,FINISHED,FC Arouca,Sporting Clube de Portugal,Arouca,Sporting CP,1,2,AWAY_TEAM
545867,PPL,2025,19,2026-01-24T20:30:00Z,FINISHED,GD Estoril Praia,Vitória SC,Estoril Praia,Vitória SC,4,2,HOME_TEAM
545866,PPL,2025,19,2026-01-25T15:30:00Z,FINISHED,CD Nacional,Rio Ave FC,CD Nacional,Rio Ave,4,0,HOME_TEAM
545869,PPL,2025,19,2026-01-25T18:00:00Z,FINISHED,FC Famalicão,CD Tondela,Famalicão,Tondela,3,0,HOME_TEAM
545870,PPL,2025,19,2026-01-25T18:00:00Z,FINISHED,Sport Lisboa e Benfica,CF Estrela da Amadora,SL Benfica,Amadora,4,0,HOME_TEAM
545863,PPL,2025,19,2026-01-25T20:30:00Z,FINISHED,Sporting Clube de Braga,FC Alverca,Braga,Alverca,5,0,HOME_TEAM
545864,PPL,2025,19,2026-01-26T20:15:00Z,FINISHED,FC Porto,Gil Vicente FC,Porto,Gil Vicente,3,0,HOME_TEAM
545879,PPL,2025,20,2026-01-30T20:45:00Z,FINISHED,Vitória SC,Moreirense FC,Vitória SC,Moreirense,1,0,HOME_TEAM
545878,PPL,2025,20,2026-01-31T15:30:00Z,FINISHED,CD Santa Clara,GD Estoril Praia,Santa Clara,Estoril Praia,2,4,AWAY_TEAM
545872,PPL,2025,20,2026-01-31T18:00:00Z,FINISHED,Rio Ave FC,FC Arouca,Rio Ave,Arouca,0,3,AWAY_TEAM
545877,PPL,2025,20,2026-01-31T20:30:00Z,FINISHED,FC Alverca,CF Estrela da Amadora,Alverca,Amadora,1,1,DRAW
545873,PPL,2025,20,2026-02-01T15:30:00Z,FINISHED,Gil Vicente FC,FC Famalicão,Gil Vicente,Famalicão,5,0,HOME_TEAM
545871,PPL,2025,20,2026-02-01T18:00:00Z,FINISHED,Sporting Clube de Portugal,CD Nacional,Sporting CP,CD Nacional,2,1,HOME_TEAM
545874,PPL,2025,20,2026-02-01T20:30:00Z,FINISHED,CD Tondela,Sport Lisboa e Benfica,Tondela,SL Benfica,0,0,DRAW
545875,PPL,2025,20,2026-02-02T18:45:00Z,FINISHED,AVS,Sporting Clube de Braga,AVS,Braga,0,4,AWAY_TEAM
545876,PPL,2025,20,2026-02-02T20:45:00Z,FINISHED,Casa Pia AC,FC Porto,Casa Pia,Porto,2,1,HOME_TEAM
545883,PPL,2025,21,2026-02-07T15:30:00Z,FINISHED,Moreirense FC,Gil Vicente FC,Moreirense,Gil Vicente,1,2,AWAY_TEAM
545884,PPL,2025,21,2026-02-07T15:30:00Z,FINISHED,CF Estrela da Amadora,CD Santa Clara,Amadora,Santa Clara,1,0,HOME_TEAM
545885,PPL,2025,21,2026-02-07T18:00:00Z,FINISHED,GD Estoril Praia,CD Tondela,Estoril Praia,Tondela,2,2,DRAW
545886,PPL,2025,21,2026-02-07T20:30:00Z,FINISHED,FC Arouca,Vitória SC,Arouca,Vitória SC,3,2,HOME_TEAM
545881,PPL,2025,21,2026-02-08T15:30:00Z,FINISHED,CD Nacional,Casa Pia AC,CD Nacional,Casa Pia,0,0,DRAW
545888,PPL,2025,21,2026-02-08T18:00:00Z,FINISHED,Sporting Clube de Braga,Rio Ave FC,Braga,Rio Ave,3,0,HOME_TEAM
545882,PPL,2025,21,2026-02-08T20:30:00Z,FINISHED,Sport Lisboa e Benfica,FC Alverca,SL Benfica,Alverca,2,1,HOME_TEAM
545880,PPL,2025,21,2026-02-09T18:45:00Z,FINISHED,FC Famalicão,AVS,Famalicão,AVS,3,1,HOME_TEAM
545887,PPL,2025,21,2026-02-09T20:45:00Z,FINISHED,FC Porto,Sporting Clube de Portugal,Porto,Sporting CP,1,1,DRAW
545895,PPL,2025,22,2026-02-13T18:30:00Z,FINISHED,CD Santa Clara,Sport Lisboa e Benfica,Santa Clara,SL Benfica,1,2,AWAY_TEAM
545890,PPL,2025,22,2026-02-13T20:45:00Z,FINISHED,CD Tondela,FC Alverca,Tondela,Alverca,1,1,DRAW
545891,PPL,2025,22,2026-02-14T15:30:00Z,FINISHED,Casa Pia AC,FC Arouca,Casa Pia,Arouca,3,2,HOME_TEAM
545889,PPL,2025,22,2026-02-14T18:00:00Z,FINISHED,Vitória SC,CF Estrela da Amadora,Vitória SC,Amadora,2,1,HOME_TEAM
545894,PPL,2025,22,2026-02-14T20:30:00Z,FINISHED,Gil Vicente FC,Sporting Clube de Braga,Gil Vicente,Braga,2,1,HOME_TEAM
545897,PPL,2025,22,2026-02-15T15:30:00Z,FINISHED,CD Nacional,FC Porto,CD Nacional,Porto,0,1,AWAY_TEAM
545896,PPL,2025,22,2026-02-15T18:00:00Z,FINISHED,AVS,GD Estoril Praia,AVS,Estoril Praia,3,0,HOME_TEAM
545892,PPL,2025,22,2026-02-15T20:30:00Z,FINISHED,Sporting Clube de Portugal,FC Famalicão,Sporting CP,Famalicão,1,0,HOME_TEAM
545893,PPL,2025,22,2026-02-16T20:15:00Z,FINISHED,Rio Ave FC,Moreirense FC,Rio Ave,Moreirense,1,2,AWAY_TEAM
545901,PPL,2025,23,2026-02-20T20:45:00Z,FINISHED,CF Estrela da Amadora,CD Tondela,Amadora,Tondela,0,2,AWAY_TEAM
545902,PPL,2025,23,2026-02-21T15:30:00Z,FINISHED,FC Alverca,CD Santa Clara,Alverca,Santa Clara,1,1,DRAW
545903,PPL,2025,23,2026-02-21T15:30:00Z,FINISHED,FC Arouca,CD Nacional,Arouca,CD Nacional,3,0,HOME_TEAM
545898,PPL,2025,23,2026-02-21T18:00:00Z,FINISHED,Sport Lisboa e Benfica,AVS,SL Benfica,AVS,3,0,HOME_TEAM
545905,PPL,2025,23,2026-02-21T18:00:00Z,FINISHED,Moreirense FC,Sporting Clube de Portugal,Moreirense,Sporting CP,0,3,AWAY_TEAM
545906,PPL,2025,23,2026-02-21T20:30:00Z,FINISHED,Sporting Clube de Braga,Vitória SC,Braga,Vitória SC,3,2,HOME_TEAM
545900,PPL,2025,23,2026-02-22T18:00:00Z,FINISHED,GD Estoril Praia,Gil Vicente FC,Estoril Praia,Gil Vicente,3,1,HOME_TEAM
545904,PPL,2025,23,2026-02-22T20:30:00Z,FINISHED,FC Porto,Rio Ave FC,Porto,Rio Ave,1,0,HOME_TEAM
545899,PPL,2025,23,2026-02-23T20:15:00Z,FINISHED,FC Famalicão,Casa Pia AC,Famalicão,Casa Pia,2,0,HOME_TEAM
545909,PPL,2025,24,2026-02-27T18:45:00Z,FINISHED,FC Porto,FC Arouca,Porto,Arouca,3,1,HOME_TEAM
545907,PPL,2025,24,2026-02-27T20:45:00Z,FINISHED,Sporting Clube de Portugal,GD Estoril Praia,Sporting CP,Estoril Praia,3,0,HOME_TEAM
545914,PPL,2025,24,2026-02-28T15:30:00Z,FINISHED,AVS,CF Estrela da Amadora,AVS,Amadora,0,0,DRAW
545912,PPL,2025,24,2026-02-28T18:00:00Z,FINISHED,CD Nacional,Sporting Clube de Braga,CD Nacional,Braga,1,2,AWAY_TEAM
545908,PPL,2025,24,2026-02-28T20:30:00Z,FINISHED,Vitória SC,FC Alverca,Vitória SC,Alverca,1,1,DRAW
545911,PPL,2025,24,2026-03-01T15:30:00Z,FINISHED,CD Tondela,CD Santa Clara,Tondela,Santa Clara,2,2,DRAW
545915,PPL,2025,24,2026-03-01T18:00:00Z,FINISHED,Casa Pia AC,Moreirense FC,Casa Pia,Moreirense,1,1,DRAW
545910,PPL,2025,24,2026-03-01T20:30:00Z,FINISHED,Rio Ave FC,FC Famalicão,Rio Ave,Famalicão,0,0,DRAW
545913,PPL,2025,24,2026-03-02T20:15:00Z,FINISHED,Gil Vicente FC,Sport Lisboa e Benfica,Gil Vicente,SL Benfica,1,2,AWAY_TEAM
545918,PPL,2025,25,2026-03-06T20:15:00Z,FINISHED,FC Famalicão,FC Arouca,Famalicão,Arouca,1,0,HOME_TEAM
545916,PPL,2025,25,2026-03-07T15:30:00Z,FINISHED,FC Alverca,AVS,Alverca,AVS,0,0,DRAW
545921,PPL,2025,25,2026-03-07T15:30:00Z,FINISHED,Moreirense FC,CD Nacional,Moreirense,CD Nacional,1,1,DRAW
545923,PPL,2025,25,2026-03-07T18:00:00Z,FINISHED,Sporting Clube de Braga,Sporting Clube de Portugal,Braga,Sporting CP,2,2,DRAW
545917,PPL,2025,25,2026-03-07T20:30:00Z,FINISHED,GD Estoril Praia,Casa Pia AC,Estoril Praia,Casa Pia,0,0,DRAW
545920,PPL,2025,25,2026-03-08T15:30:00Z,FINISHED,CF Estrela da Amadora,Gil Vicente FC,Amadora,Gil Vicente,2,2,DRAW
545924,PPL,2025,25,2026-03-08T18:00:00Z,FINISHED,Sport Lisboa e Benfica,FC Porto,SL Benfica,Porto,2,2,DRAW
545922,PPL,2025,25,2026-03-08T20:30:00Z,FINISHED,CD Santa Clara,Vitória SC,Santa Clara,Vitória SC,2,0,HOME_TEAM
545919,PPL,2025,25,2026-03-09T20:15:00Z,FINISHED,CD Tondela,Rio Ave FC,Tondela,Rio Ave,0,1,AWAY_TEAM
545928,PPL,2025,26,2026-03-14T15:30:00Z,FINISHED,Vitória SC,FC Famalicão,Vitória SC,Famalicão,1,2,AWAY_TEAM
545927,PPL,2025,26,2026-03-14T18:00:00Z,FINISHED,Gil Vicente FC,FC Alverca,Gil Vicente,Alverca,2,2,DRAW
545932,PPL,2025,26,2026-03-14T20:30:00Z,FINISHED,FC Arouca,Sport Lisboa e Benfica,Arouca,SL Benfica,1,2,AWAY_TEAM
545925,PPL,2025,26,2026-03-15T15:30:00Z,FINISHED,CD Nacional,GD Estoril Praia,CD Nacional,Estoril Praia,0,1,AWAY_TEAM
545931,PPL,2025,26,2026-03-15T15:30:00Z,FINISHED,AVS,CD Santa Clara,AVS,Santa Clara,0,1,AWAY_TEAM
545926,PPL,2025,26,2026-03-15T18:00:00Z,FINISHED,Rio Ave FC,CF Estrela da Amadora,Rio Ave,Amadora,2,1,HOME_TEAM
545929,PPL,2025,26,2026-03-15T20:30:00Z,FINISHED,FC Porto,Moreirense FC,Porto,Moreirense,3,0,HOME_TEAM
545935,PPL,2025,27,2026-03-20T20:15:00Z,FINISHED,CF Estrela da Amadora,Casa Pia AC,Amadora,Casa Pia,4,0,HOME_TEAM
545936,PPL,2025,27,2026-03-21T15:30:00Z,FINISHED,Moreirense FC,FC Arouca,Moreirense,Arouca,0,1,AWAY_TEAM
545939,PPL,2025,27,2026-03-21T15:30:00Z,FINISHED,FC Famalicão,CD Nacional,Famalicão,CD Nacional,1,0,HOME_TEAM
545940,PPL,2025,27,2026-03-21T18:00:00Z,FINISHED,CD Santa Clara,Gil Vicente FC,Santa Clara,Gil Vicente,1,0,HOME_TEAM
545942,PPL,2025,27,2026-03-21T18:00:00Z,FINISHED,Sport Lisboa e Benfica,Vitória SC,SL Benfica,Vitória SC,3,0,HOME_TEAM
545934,PPL,2025,27,2026-03-21T20:30:00Z,FINISHED,CD Tondela,AVS,Tondela,AVS,0,0,DRAW
545937,PPL,2025,27,2026-03-22T15:30:00Z,FINISHED,GD Estoril Praia,Rio Ave FC,Estoril Praia,Rio Ave,1,2,AWAY_TEAM
545938,PPL,2025,27,2026-03-22T18:00:00Z,FINISHED,FC Alverca,Sporting Clube de Portugal,Alverca,Sporting CP,1,4,AWAY_TEAM
545941,PPL,2025,27,2026-03-22T20:30:00Z,FINISHED,Sporting Clube de Braga,FC Porto,Braga,Porto,1,2,AWAY_TEAM
545943,PPL,2025,28,2026-04-03T14:30:00Z,FINISHED,Gil Vicente FC,AVS,Gil Vicente,AVS,3,0,HOME_TEAM
545951,PPL,2025,28,2026-04-03T17:00:00Z,FINISHED,Vitória SC,CD Tondela,Vitória SC,Tondela,5,0,HOME_TEAM
545947,PPL,2025,28,2026-04-03T19:30:00Z,FINISHED,Sporting Clube de Portugal,CD Santa Clara,Sporting CP,Santa Clara,4,2,HOME_TEAM
545944,PPL,2025,28,2026-04-04T14:30:00Z,FINISHED,CD Nacional,CF Estrela da Amadora,CD Nacional,Amadora,2,0,HOME_TEAM
545945,PPL,2025,28,2026-04-04T17:00:00Z,FINISHED,Rio Ave FC,FC Alverca,Rio Ave,Alverca,1,2,AWAY_TEAM
545948,PPL,2025,28,2026-04-04T17:00:00Z,FINISHED,Moreirense FC,Sporting Clube de Braga,Moreirense,Braga,0,1,AWAY_TEAM
545946,PPL,2025,28,2026-04-04T19:30:00Z,FINISHED,FC Porto,FC Famalicão,Porto,Famalicão,2,2,DRAW
545950,PPL,2025,28,2026-04-06T17:45:00Z,FINISHED,FC Arouca,GD Estoril Praia,Arouca,Estoril Praia,3,2,HOME_TEAM
545949,PPL,2025,28,2026-04-06T19:45:00Z,FINISHED,Casa Pia AC,Sport Lisboa e Benfica,Casa Pia,SL Benfica,1,1,DRAW
545958,PPL,2025,29,2026-04-10T19:45:00Z,FINISHED,FC Famalicão,Moreirense FC,Famalicão,Moreirense,1,1,DRAW
545954,PPL,2025,29,2026-04-11T14:30:00Z,FINISHED,AVS,Vitória SC,AVS,Vitória SC,1,1,DRAW
545959,PPL,2025,29,2026-04-11T17:00:00Z,FINISHED,CD Santa Clara,Rio Ave FC,Santa Clara,Rio Ave,0,2,AWAY_TEAM
545956,PPL,2025,29,2026-04-11T19:30:00Z,FINISHED,CF Estrela da Amadora,Sporting Clube de Portugal,Amadora,Sporting CP,0,1,AWAY_TEAM
545957,PPL,2025,29,2026-04-12T14:30:00Z,FINISHED,FC Alverca,Casa Pia AC,Alverca,Casa Pia,3,1,HOME_TEAM
545952,PPL,2025,29,2026-04-12T17:00:00Z,FINISHED,Sporting Clube de Braga,FC Arouca,Braga,Arouca,1,0,HOME_TEAM
545960,PPL,2025,29,2026-04-12T17:00:00Z,FINISHED,Sport Lisboa e Benfica,CD Nacional,SL Benfica,CD Nacional,2,0,HOME_TEAM
545955,PPL,2025,29,2026-04-12T19:30:00Z,FINISHED,GD Estoril Praia,FC Porto,Estoril Praia,Porto,1,3,AWAY_TEAM
545953,PPL,2025,29,2026-04-13T19:15:00Z,FINISHED,CD Tondela,Gil Vicente FC,Tondela,Gil Vicente,2,2,DRAW
545961,PPL,2025,30,2026-04-17T19:45:00Z,FINISHED,Rio Ave FC,AVS,Rio Ave,AVS,2,2,DRAW
545963,PPL,2025,30,2026-04-18T14:30:00Z,FINISHED,CD Nacional,FC Alverca,CD Nacional,Alverca,1,0,HOME_TEAM
545964,PPL,2025,30,2026-04-18T17:00:00Z,FINISHED,Casa Pia AC,CD Santa Clara,Casa Pia,Santa Clara,0,0,DRAW
545966,PPL,2025,30,2026-04-18T19:30:00Z,FINISHED,Gil Vicente FC,Vitória SC,Gil Vicente,Vitória SC,0,1,AWAY_TEAM
545967,PPL,2025,30,2026-04-19T14:30:00Z,FINISHED,FC Arouca,CF Estrela da Amadora,Arouca,Amadora,1,0,HOME_TEAM
545965,PPL,2025,30,2026-04-19T17:15:00Z,FINISHED,Sporting Clube de Portugal,Sport Lisboa e Benfica,Sporting CP,SL Benfica,1,2,AWAY_TEAM
545968,PPL,2025,30,2026-04-19T19:30:00Z,FINISHED,FC Porto,CD Tondela,Porto,Tondela,2,0,HOME_TEAM
545969,PPL,2025,30,2026-04-19T19:30:00Z,FINISHED,Sporting Clube de Braga,FC Famalicão,Braga,Famalicão,2,2,DRAW
545962,PPL,2025,30,2026-04-20T19:15:00Z,FINISHED,Moreirense FC,GD Estoril Praia,Moreirense,Estoril Praia,1,0,HOME_TEAM
545930,PPL,2025,26,2026-04-23T18:00:00Z,FINISHED,Casa Pia AC,Sporting Clube de Braga,Casa Pia,Braga,0,1,AWAY_TEAM
545976,PPL,2025,31,2026-04-24T19:15:00Z,FINISHED,FC Alverca,FC Arouca,Alverca,Arouca,2,1,HOME_TEAM
545971,PPL,2025,31,2026-04-25T14:30:00Z,FINISHED,CD Tondela,CD Nacional,Tondela,CD Nacional,0,2,AWAY_TEAM
545977,PPL,2025,31,2026-04-25T17:00:00Z,FINISHED,Sport Lisboa e Benfica,Moreirense FC,SL Benfica,Moreirense,4,1,HOME_TEAM
545978,PPL,2025,31,2026-04-25T19:30:00Z,FINISHED,Vitória SC,Rio Ave FC,Vitória SC,Rio Ave,2,0,HOME_TEAM
545974,PPL,2025,31,2026-04-26T14:30:00Z,FINISHED,GD Estoril Praia,FC Famalicão,Estoril Praia,Famalicão,0,1,AWAY_TEAM
545972,PPL,2025,31,2026-04-26T17:00:00Z,FINISHED,CD Santa Clara,Sporting Clube de Braga,Santa Clara,Braga,2,1,HOME_TEAM
545975,PPL,2025,31,2026-04-26T17:00:00Z,FINISHED,CF Estrela da Amadora,FC Porto,Amadora,Porto,1,2,AWAY_TEAM
545973,PPL,2025,31,2026-04-26T19:30:00Z,FINISHED,AVS,Sporting Clube de Portugal,AVS,Sporting CP,1,1,DRAW
545970,PPL,2025,31,2026-04-27T19:15:00Z,FINISHED,Gil Vicente FC,Casa Pia AC,Gil Vicente,Casa Pia,2,1,HOME_TEAM
545933,PPL,2025,26,2026-04-29T19:15:00Z,FINISHED,Sporting Clube de Portugal,CD Tondela,Sporting CP,Tondela,2,2,DRAW
545979,PPL,2025,32,2026-05-02T14:30:00Z,FINISHED,CD Nacional,AVS,CD Nacional,AVS,1,2,AWAY_TEAM
545980,PPL,2025,32,2026-05-02T14:30:00Z,FINISHED,Moreirense FC,CF Estrela da Amadora,Moreirense,Amadora,3,2,HOME_TEAM
545986,PPL,2025,32,2026-05-02T14:30:00Z,FINISHED,FC Arouca,CD Santa Clara,Arouca,Santa Clara,2,2,DRAW
545983,PPL,2025,32,2026-05-02T17:00:00Z,FINISHED,FC Famalicão,Sport Lisboa e Benfica,Famalicão,SL Benfica,2,2,DRAW
545981,PPL,2025,32,2026-05-02T19:30:00Z,FINISHED,FC Porto,FC Alverca,Porto,Alverca,1,0,HOME_TEAM
545985,PPL,2025,32,2026-05-03T14:30:00Z,FINISHED,Casa Pia AC,CD Tondela,Casa Pia,Tondela,0,1,AWAY_TEAM
545987,PPL,2025,32,2026-05-03T17:00:00Z,FINISHED,Sporting Clube de Braga,GD Estoril Praia,Braga,Estoril Praia,1,1,DRAW
545982,PPL,2025,32,2026-05-03T19:30:00Z,FINISHED,Rio Ave FC,Gil Vicente FC,Rio Ave,Gil Vicente,0,0,DRAW
545984,PPL,2025,32,2026-05-04T19:15:00Z,FINISHED,Sporting Clube de Portugal,Vitória SC,Sporting CP,Vitória SC,5,1,HOME_TEAM
545991,PPL,2025,33,2026-05-10T17:00:00Z,FINISHED,AVS,FC Porto,AVS,Porto,3,1,HOME_TEAM
545993,PPL,2025,33,2026-05-10T19:30:00Z,FINISHED,FC Alverca,GD Estoril Praia,Alverca,Estoril Praia,1,1,DRAW
545988,PPL,2025,33,2026-05-11T19:15:00Z,FINISHED,Vitória SC,Casa Pia AC,Vitória SC,Casa Pia,0,1,AWAY_TEAM
545989,PPL,2025,33,2026-05-11T19:15:00Z,FINISHED,Gil Vicente FC,FC Arouca,Gil Vicente,Arouca,1,3,AWAY_TEAM
545990,PPL,2025,33,2026-05-11T19:15:00Z,FINISHED,CD Tondela,Moreirense FC,Tondela,Moreirense,2,0,HOME_TEAM
545992,PPL,2025,33,2026-05-11T19:15:00Z,FINISHED,CF Estrela da Amadora,FC Famalicão,Amadora,Famalicão,0,0,DRAW
545994,PPL,2025,33,2026-05-11T19:15:00Z,FINISHED,Rio Ave FC,Sporting Clube de Portugal,Rio Ave,Sporting CP,1,4,AWAY_TEAM
545995,PPL,2025,33,2026-05-11T19:15:00Z,FINISHED,CD Santa Clara,CD Nacional,Santa Clara,CD Nacional,2,0,HOME_TEAM
545996,PPL,2025,33,2026-05-11T19:15:00Z,FINISHED,Sport Lisboa e Benfica,Sporting Clube de Braga,SL Benfica,Braga,2,2,DRAW
545997,PPL,2025,34,2026-05-16T14:30:00Z,FINISHED,Moreirense FC,AVS,Moreirense,AVS,0,0,DRAW
546000,PPL,2025,34,2026-05-16T14:30:00Z,FINISHED,FC Porto,CD Santa Clara,Porto,Santa Clara,1,0,HOME_TEAM
546002,PPL,2025,34,2026-05-16T17:00:00Z,FINISHED,CD Nacional,Vitória SC,CD Nacional,Vitória SC,2,0,HOME_TEAM
546003,PPL,2025,34,2026-05-16T17:00:00Z,FINISHED,Casa Pia AC,Rio Ave FC,Casa Pia,Rio Ave,1,1,DRAW
546004,PPL,2025,34,2026-05-16T17:00:00Z,FINISHED,FC Arouca,CD Tondela,Arouca,Tondela,3,1,HOME_TEAM
546005,PPL,2025,34,2026-05-16T17:00:00Z,FINISHED,Sporting Clube de Braga,CF Estrela da Amadora,Braga,Amadora,2,2,DRAW
545998,PPL,2025,34,2026-05-16T19:30:00Z,FINISHED,FC Famalicão,FC Alverca,Famalicão,Alverca,1,0,HOME_TEAM
545999,PPL,2025,34,2026-05-16T19:30:00Z,FINISHED,Sporting Clube de Portugal,Gil Vicente FC,Sporting CP,Gil Vicente,3,0,HOME_TEAM
546001,PPL,2025,34,2026-05-16T19:30:00Z,FINISHED,GD Estoril Praia,Sport Lisboa e Benfica,Estoril Praia,SL Benfica,1,3,AWAY_TEAM
